PolyOrigin-PolyAncestry,designinfo
population,A,B,C
1,2,0,0
2,1,1,0
3,1,0,1
4,0,1,1
PolyOrigin-PolyAncestry,parentinfo
individual,ploidy
A,4
B,4
C,4
PolyOrigin-PolyAncestry,offspringinfo
individual,population,ploidy,isoutlier
AxA0001,1,4,false
AxA0002,1,4,false
AxA0003,1,4,false
AxA0004,1,4,false
AxA0005,1,4,false
AxA0006,1,4,false
AxA0007,1,4,false
AxA0008,1,4,false
AxA0009,1,4,false
AxA0010,1,4,false
AxB0001,2,4,false
AxB0002,2,4,false
AxB0003,2,4,false
AxB0004,2,4,false
AxB0005,2,4,false
AxB0006,2,4,false
AxB0007,2,4,false
AxB0008,2,4,false
AxB0009,2,4,false
AxB0010,2,4,false
AxC0001,3,4,false
AxC0002,3,4,false
AxC0003,3,4,false
AxC0004,3,4,false
AxC0005,3,4,false
AxC0006,3,4,false
AxC0007,3,4,false
AxC0008,3,4,false
AxC0009,3,4,false
AxC0010,3,4,false
BxC0001,4,4,false
BxC0002,4,4,false
BxC0003,4,4,false
BxC0004,4,4,false
BxC0005,4,4,false
BxC0006,4,4,false
BxC0007,4,4,false
BxC0008,4,4,false
BxC0009,4,4,false
BxC0010,4,4,false
PolyOrigin-PolyAncestry,delmarker
marker,chromosome,position
PolyOrigin-PolyAncestry,correction
round,marker,chromosome,parent,old_genotype,new_genotype,old_nerr,new_nerr
1,A_0038,A,C,1|2|2|2,2|1|1|1,11,0
1,A_0046,A,C,1|1|1|1,2|2|2|2,19,0
1,A_0060,A,C,1|1|1|1,2|2|1|2,20,0
1,A_0080,A,C,1|1|1|1,2|2|2|2,18,0
PolyOrigin-PolyAncestry,valentlist
population,parentindex,parent,valentindex,valent
1,1,A,1|1,1:2-3:4|1:2-3:4
1,1,A,2|1,1:3-2:4|1:2-3:4
1,1,A,3|1,1:4-2:3|1:2-3:4
1,1,A,4|1,1:2:3:4|1:2-3:4
1,1,A,1|2,1:2-3:4|1:3-2:4
1,1,A,2|2,1:3-2:4|1:3-2:4
1,1,A,3|2,1:4-2:3|1:3-2:4
1,1,A,4|2,1:2:3:4|1:3-2:4
1,1,A,1|3,1:2-3:4|1:4-2:3
1,1,A,2|3,1:3-2:4|1:4-2:3
1,1,A,3|3,1:4-2:3|1:4-2:3
1,1,A,4|3,1:2:3:4|1:4-2:3
1,1,A,1|4,1:2-3:4|1:2:3:4
1,1,A,2|4,1:3-2:4|1:2:3:4
1,1,A,3|4,1:4-2:3|1:2:3:4
1,1,A,4|4,1:2:3:4|1:2:3:4
2,1|2,A|B,1|1,1:2-3:4|5:6-7:8
2,1|2,A|B,2|1,1:3-2:4|5:6-7:8
2,1|2,A|B,3|1,1:4-2:3|5:6-7:8
2,1|2,A|B,4|1,1:2:3:4|5:6-7:8
2,1|2,A|B,1|2,1:2-3:4|5:7-6:8
2,1|2,A|B,2|2,1:3-2:4|5:7-6:8
2,1|2,A|B,3|2,1:4-2:3|5:7-6:8
2,1|2,A|B,4|2,1:2:3:4|5:7-6:8
2,1|2,A|B,1|3,1:2-3:4|5:8-6:7
2,1|2,A|B,2|3,1:3-2:4|5:8-6:7
2,1|2,A|B,3|3,1:4-2:3|5:8-6:7
2,1|2,A|B,4|3,1:2:3:4|5:8-6:7
2,1|2,A|B,1|4,1:2-3:4|5:6:7:8
2,1|2,A|B,2|4,1:3-2:4|5:6:7:8
2,1|2,A|B,3|4,1:4-2:3|5:6:7:8
2,1|2,A|B,4|4,1:2:3:4|5:6:7:8
3,1|3,A|C,1|1,1:2-3:4|5:6-7:8
3,1|3,A|C,2|1,1:3-2:4|5:6-7:8
3,1|3,A|C,3|1,1:4-2:3|5:6-7:8
3,1|3,A|C,4|1,1:2:3:4|5:6-7:8
3,1|3,A|C,1|2,1:2-3:4|5:7-6:8
3,1|3,A|C,2|2,1:3-2:4|5:7-6:8
3,1|3,A|C,3|2,1:4-2:3|5:7-6:8
3,1|3,A|C,4|2,1:2:3:4|5:7-6:8
3,1|3,A|C,1|3,1:2-3:4|5:8-6:7
3,1|3,A|C,2|3,1:3-2:4|5:8-6:7
3,1|3,A|C,3|3,1:4-2:3|5:8-6:7
3,1|3,A|C,4|3,1:2:3:4|5:8-6:7
3,1|3,A|C,1|4,1:2-3:4|5:6:7:8
3,1|3,A|C,2|4,1:3-2:4|5:6:7:8
3,1|3,A|C,3|4,1:4-2:3|5:6:7:8
3,1|3,A|C,4|4,1:2:3:4|5:6:7:8
4,2|3,B|C,1|1,1:2-3:4|5:6-7:8
4,2|3,B|C,2|1,1:3-2:4|5:6-7:8
4,2|3,B|C,3|1,1:4-2:3|5:6-7:8
4,2|3,B|C,4|1,1:2:3:4|5:6-7:8
4,2|3,B|C,1|2,1:2-3:4|5:7-6:8
4,2|3,B|C,2|2,1:3-2:4|5:7-6:8
4,2|3,B|C,3|2,1:4-2:3|5:7-6:8
4,2|3,B|C,4|2,1:2:3:4|5:7-6:8
4,2|3,B|C,1|3,1:2-3:4|5:8-6:7
4,2|3,B|C,2|3,1:3-2:4|5:8-6:7
4,2|3,B|C,3|3,1:4-2:3|5:8-6:7
4,2|3,B|C,4|3,1:2:3:4|5:8-6:7
4,2|3,B|C,1|4,1:2-3:4|5:6:7:8
4,2|3,B|C,2|4,1:3-2:4|5:6:7:8
4,2|3,B|C,3|4,1:4-2:3|5:6:7:8
4,2|3,B|C,4|4,1:2:3:4|5:6:7:8
PolyOrigin-PolyAncestry,valentprob
chromosome,individual,population,valentindex,valent,loglike,valentprob
A,AxA0001,1,9|3|13|4|16|15|12|5|2|14|8|10|7,1:2-3:4&1:4-2:3|1:4-2:3&1:2-3:4|1:2-3:4&1:2:3:4|1:2:3:4&1:2-3:4|1:2:3:4&1:2:3:4|1:4-2:3&1:2:3:4|1:2:3:4&1:4-2:3|1:2-3:4&1:3-2:4|1:3-2:4&1:2-3:4|1:3-2:4&1:2:3:4|1:2:3:4&1:3-2:4|1:3-2:4&1:4-2:3|1:4-2:3&1:3-2:4,-19.875|-19.875|-20.907|-20.907|-21.944|-22.124|-22.124|-22.796|-22.796|-23.477|-23.477|-25.91|-25.91,0.3109|0.3109|0.1107|0.1107|0.0393|0.0328|0.0328|0.0167|0.0167|0.0085|0.0085|0.0007|0.0007
A,AxA0002,1,11|15|12|9|3|16|13|4,1:4-2:3&1:4-2:3|1:4-2:3&1:2:3:4|1:2:3:4&1:4-2:3|1:2-3:4&1:4-2:3|1:4-2:3&1:2-3:4|1:2:3:4&1:2:3:4|1:2-3:4&1:2:3:4|1:2:3:4&1:2-3:4,-14.753|-16.696|-16.696|-16.859|-16.859|-18.924|-20.4|-20.4,0.6442|0.0923|0.0923|0.0784|0.0784|0.0099|0.0023|0.0023
A,AxA0003,1,9|3|10|7|15|12|16|14|8|13|4,1:2-3:4&1:4-2:3|1:4-2:3&1:2-3:4|1:3-2:4&1:4-2:3|1:4-2:3&1:3-2:4|1:4-2:3&1:2:3:4|1:2:3:4&1:4-2:3|1:2:3:4&1:2:3:4|1:3-2:4&1:2:3:4|1:2:3:4&1:3-2:4|1:2-3:4&1:2:3:4|1:2:3:4&1:2-3:4,-36.76|-36.76|-36.778|-36.778|-36.937|-36.937|-40.304|-41.243|-41.243|-41.453|-41.453,0.1751|0.1751|0.1721|0.1721|0.1467|0.1467|0.0051|0.002|0.002|0.0016|0.0016
A,AxA0004,1,1|13|4|9|3|16|15|12|5|2|14|8|10|7,1:2-3:4&1:2-3:4|1:2-3:4&1:2:3:4|1:2:3:4&1:2-3:4|1:2-3:4&1:4-2:3|1:4-2:3&1:2-3:4|1:2:3:4&1:2:3:4|1:4-2:3&1:2:3:4|1:2:3:4&1:4-2:3|1:2-3:4&1:3-2:4|1:3-2:4&1:2-3:4|1:3-2:4&1:2:3:4|1:2:3:4&1:3-2:4|1:3-2:4&1:4-2:3|1:4-2:3&1:3-2:4,-21.791|-23.757|-23.757|-23.954|-23.954|-26.007|-27.536|-27.536|-28.263|-28.263|-28.389|-28.389|-30.994|-30.994,0.6506|0.0911|0.0911|0.0748|0.0748|0.0096|0.0021|0.0021|0.001|0.001|0.0009|0.0009|0.0001|0.0001
A,AxA0005,1,10|7|14|8|5|2|16|15|12|13|4|9|3,1:3-2:4&1:4-2:3|1:4-2:3&1:3-2:4|1:3-2:4&1:2:3:4|1:2:3:4&1:3-2:4|1:2-3:4&1:3-2:4|1:3-2:4&1:2-3:4|1:2:3:4&1:2:3:4|1:4-2:3&1:2:3:4|1:2:3:4&1:4-2:3|1:2-3:4&1:2:3:4|1:2:3:4&1:2-3:4|1:2-3:4&1:4-2:3|1:4-2:3&1:2-3:4,-35.078|-35.078|-35.477|-35.477|-36.269|-36.269|-36.667|-37.176|-37.176|-37.3|-37.3|-40.412|-40.412,0.2162|0.2162|0.1451|0.1451|0.0657|0.0657|0.0441|0.0265|0.0265|0.0234|0.0234|0.001|0.001
A,AxA0006,1,5|2|13|4|16|14|8,1:2-3:4&1:3-2:4|1:3-2:4&1:2-3:4|1:2-3:4&1:2:3:4|1:2:3:4&1:2-3:4|1:2:3:4&1:2:3:4|1:3-2:4&1:2:3:4|1:2:3:4&1:3-2:4,-33.041|-33.041|-34.317|-34.317|-36.011|-36.409|-36.409,0.3733|0.3733|0.1042|0.1042|0.0192|0.0129|0.0129
A,AxA0007,1,1|13|4|5|2|16|14|8,1:2-3:4&1:2-3:4|1:2-3:4&1:2:3:4|1:2:3:4&1:2-3:4|1:2-3:4&1:3-2:4|1:3-2:4&1:2-3:4|1:2:3:4&1:2:3:4|1:3-2:4&1:2:3:4|1:2:3:4&1:3-2:4,-37.972|-40.006|-40.006|-40.024|-40.024|-41.764|-42.837|-42.837,0.6424|0.084|0.084|0.0825|0.0825|0.0145|0.005|0.005
A,AxA0008,1,5|2|14|8|13|4|16|1,1:2-3:4&1:3-2:4|1:3-2:4&1:2-3:4|1:3-2:4&1:2:3:4|1:2:3:4&1:3-2:4|1:2-3:4&1:2:3:4|1:2:3:4&1:2-3:4|1:2:3:4&1:2:3:4|1:2-3:4&1:2-3:4,-25.38|-25.38|-26.749|-26.749|-27.82|-27.82|-27.975|-33.138,0.3625|0.3625|0.0922|0.0922|0.0316|0.0316|0.0271|0.0002
A,AxA0009,1,9|3|13|4|15|12|16|5|2,1:2-3:4&1:4-2:3|1:4-2:3&1:2-3:4|1:2-3:4&1:2:3:4|1:2:3:4&1:2-3:4|1:4-2:3&1:2:3:4|1:2:3:4&1:4-2:3|1:2:3:4&1:2:3:4|1:2-3:4&1:3-2:4|1:3-2:4&1:2-3:4,-38.68|-38.68|-41.09|-41.09|-42.939|-42.939|-43.414|-45.151|-45.151,0.4505|0.4505|0.0405|0.0405|0.0064|0.0064|0.004|0.0007|0.0007
A,AxA0010,1,11|15|12|10|7|16|14|8,1:4-2:3&1:4-2:3|1:4-2:3&1:2:3:4|1:2:3:4&1:4-2:3|1:3-2:4&1:4-2:3|1:4-2:3&1:3-2:4|1:2:3:4&1:2:3:4|1:3-2:4&1:2:3:4|1:2:3:4&1:3-2:4,-24.083|-26.013|-26.013|-26.214|-26.214|-28.266|-29.839|-29.839,0.6454|0.0937|0.0937|0.0767|0.0767|0.0098|0.002|0.002
A,AxB0001,2,6|14|8|16,1:3-2:4&5:7-6:8|1:3-2:4&5:6:7:8|1:2:3:4&5:7-6:8|1:2:3:4&5:6:7:8,-31.087|-32.927|-34.981|-36.819,0.8458|0.1343|0.0172|0.0027
A,AxB0002,2,5|1|7|3|13|8|15|4|16,1:2-3:4&5:7-6:8|1:2-3:4&5:6-7:8|1:4-2:3&5:7-6:8|1:4-2:3&5:6-7:8|1:2-3:4&5:6:7:8|1:2:3:4&5:7-6:8|1:4-2:3&5:6:7:8|1:2:3:4&5:6-7:8|1:2:3:4&5:6:7:8,-17.987|-18.087|-18.406|-18.504|-18.79|-19.12|-19.209|-19.218|-19.923,0.2146|0.1942|0.1412|0.128|0.0961|0.0691|0.0632|0.0627|0.031
A,AxB0003,2,11|12|15|16,1:4-2:3&5:8-6:7|1:2:3:4&5:8-6:7|1:4-2:3&5:6:7:8|1:2:3:4&5:6:7:8,-39.147|-43.035|-44.056|-47.944,0.9727|0.0199|0.0072|0.0001
A,AxB0004,2,1|13|4|16,1:2-3:4&5:6-7:8|1:2-3:4&5:6:7:8|1:2:3:4&5:6-7:8|1:2:3:4&5:6:7:8,-39.259|-42.195|-44.66|-47.562,0.9453|0.0502|0.0043|0.0002
A,AxB0005,2,11|12|15|16,1:4-2:3&5:8-6:7|1:2:3:4&5:8-6:7|1:4-2:3&5:6:7:8|1:2:3:4&5:6:7:8,-45.32|-48.147|-48.316|-51.14,0.8991|0.0532|0.0449|0.0027
A,AxB0006,2,3|11|15|4|12|16,1:4-2:3&5:6-7:8|1:4-2:3&5:8-6:7|1:4-2:3&5:6:7:8|1:2:3:4&5:6-7:8|1:2:3:4&5:8-6:7|1:2:3:4&5:6:7:8,-25.21|-25.225|-26.172|-27.037|-27.052|-27.998,0.3638|0.3585|0.139|0.0585|0.0577|0.0224
A,AxB0007,2,10|14|12|16,1:3-2:4&5:8-6:7|1:3-2:4&5:6:7:8|1:2:3:4&5:8-6:7|1:2:3:4&5:6:7:8,-36.424|-38.156|-39.271|-41.003,0.803|0.1422|0.0466|0.0082
A,AxB0008,2,1|4|13|16,1:2-3:4&5:6-7:8|1:2:3:4&5:6-7:8|1:2-3:4&5:6:7:8|1:2:3:4&5:6:7:8,-41.606|-43.423|-46.213|-48.031,0.8517|0.1385|0.0085|0.0014
A,AxB0009,2,3|15|4|16,1:4-2:3&5:6-7:8|1:4-2:3&5:6:7:8|1:2:3:4&5:6-7:8|1:2:3:4&5:6:7:8,-28.094|-29.87|-30.961|-32.737,0.8092|0.137|0.046|0.0078
A,AxB0010,2,5|13|8|16,1:2-3:4&5:7-6:8|1:2-3:4&5:6:7:8|1:2:3:4&5:7-6:8|1:2:3:4&5:6:7:8,-37.836|-40.677|-40.716|-43.556,0.8946|0.0522|0.0502|0.0029
A,AxC0001,3,6|8|14|16,1:3-2:4&5:7-6:8|1:2:3:4&5:7-6:8|1:3-2:4&5:6:7:8|1:2:3:4&5:6:7:8,-32.78|-34.589|-35.863|-37.672,0.8216|0.1346|0.0376|0.0062
A,AxC0002,3,11|10|3|2|15|14|12|4|16,1:4-2:3&5:8-6:7|1:3-2:4&5:8-6:7|1:4-2:3&5:6-7:8|1:3-2:4&5:6-7:8|1:4-2:3&5:6:7:8|1:3-2:4&5:6:7:8|1:2:3:4&5:8-6:7|1:2:3:4&5:6-7:8|1:2:3:4&5:6:7:8,-18.661|-18.666|-18.693|-18.698|-19.377|-19.382|-19.411|-19.443|-20.128,0.1649|0.1642|0.1598|0.159|0.0806|0.0802|0.0779|0.0754|0.0381
A,AxC0003,3,2|3|4|14|15|16,1:3-2:4&5:6-7:8|1:4-2:3&5:6-7:8|1:2:3:4&5:6-7:8|1:3-2:4&5:6:7:8|1:4-2:3&5:6:7:8|1:2:3:4&5:6:7:8,-21.17|-21.172|-21.873|-23.435|-23.437|-24.139,0.3634|0.3627|0.1798|0.0377|0.0376|0.0187
A,AxC0004,3,5|8|13|16,1:2-3:4&5:7-6:8|1:2:3:4&5:7-6:8|1:2-3:4&5:6:7:8|1:2:3:4&5:6:7:8,-27.187|-30.012|-31.166|-33.99,0.9267|0.055|0.0173|0.001
A,AxC0005,3,1|2|4|13|14|16,1:2-3:4&5:6-7:8|1:3-2:4&5:6-7:8|1:2:3:4&5:6-7:8|1:2-3:4&5:6:7:8|1:3-2:4&5:6:7:8|1:2:3:4&5:6:7:8,-23.971|-23.978|-24.679|-26.125|-26.132|-26.833,0.3605|0.3579|0.1776|0.0418|0.0415|0.0206
A,AxC0006,3,11|15|12|16,1:4-2:3&5:8-6:7|1:4-2:3&5:6:7:8|1:2:3:4&5:8-6:7|1:2:3:4&5:6:7:8,-18.986|-20.714|-21.766|-23.494,0.7995|0.1421|0.0496|0.0088
A,AxC0007,3,11|15|12|16|7|8|9,1:4-2:3&5:8-6:7|1:4-2:3&5:6:7:8|1:2:3:4&5:8-6:7|1:2:3:4&5:6:7:8|1:4-2:3&5:7-6:8|1:2:3:4&5:7-6:8|1:2-3:4&5:8-6:7,-17.251|-18.986|-19.029|-20.765|-21.051|-22.778|-26.282,0.7134|0.1259|0.1206|0.0213|0.016|0.0028|0.0001
A,AxC0008,3,2|14|4|16,1:3-2:4&5:6-7:8|1:3-2:4&5:6:7:8|1:2:3:4&5:6-7:8|1:2:3:4&5:6:7:8,-49.68|-51.444|-53.347|-55.11,0.8324|0.1427|0.0213|0.0036
A,AxC0009,3,6|10|14|12|8|16,1:3-2:4&5:7-6:8|1:3-2:4&5:8-6:7|1:3-2:4&5:6:7:8|1:2:3:4&5:8-6:7|1:2:3:4&5:7-6:8|1:2:3:4&5:6:7:8,-45.456|-45.643|-46.29|-52.59|-52.412|-53.245,0.4414|0.366|0.1917|0.0004|0.0004|0.0002
A,AxC0010,3,6|10|14|8|12|16,1:3-2:4&5:7-6:8|1:3-2:4&5:8-6:7|1:3-2:4&5:6:7:8|1:2:3:4&5:7-6:8|1:2:3:4&5:8-6:7|1:2:3:4&5:6:7:8,-15.552|-15.716|-16.383|-17.354|-17.517|-18.184,0.3756|0.319|0.1637|0.062|0.0527|0.027
A,BxC0001,4,3|7|15|4|8|16,1:4-2:3&5:6-7:8|1:4-2:3&5:7-6:8|1:4-2:3&5:6:7:8|1:2:3:4&5:6-7:8|1:2:3:4&5:7-6:8|1:2:3:4&5:6:7:8,-18.3|-18.918|-19.173|-21.222|-22.08|-22.137,0.4868|0.2623|0.2031|0.0262|0.0111|0.0105
A,BxC0002,4,7|8|15|16,1:4-2:3&5:7-6:8|1:2:3:4&5:7-6:8|1:4-2:3&5:6:7:8|1:2:3:4&5:6:7:8,-40.704|-43.508|-43.536|-46.341,0.8905|0.0539|0.0524|0.0032
A,BxC0003,4,12|16|15|11,1:2:3:4&5:8-6:7|1:2:3:4&5:6:7:8|1:4-2:3&5:6:7:8|1:4-2:3&5:8-6:7,-40.532|-45.863|-49.744|-50.104,0.995|0.0048|0.0001|0.0001
A,BxC0004,4,7|8|15|16,1:4-2:3&5:7-6:8|1:2:3:4&5:7-6:8|1:4-2:3&5:6:7:8|1:2:3:4&5:6:7:8,-14.729|-16.458|-16.628|-18.358,0.7387|0.1311|0.1106|0.0196
A,BxC0005,4,5|13|8|16,1:2-3:4&5:7-6:8|1:2-3:4&5:6:7:8|1:2:3:4&5:7-6:8|1:2:3:4&5:6:7:8,-28.771|-31.688|-32.72|-35.638,0.9307|0.0504|0.0179|0.001
A,BxC0006,4,3|15|4|16,1:4-2:3&5:6-7:8|1:4-2:3&5:6:7:8|1:2:3:4&5:6-7:8|1:2:3:4&5:6:7:8,-25.244|-28.02|-28.08|-30.856,0.8893|0.0554|0.0521|0.0032
A,BxC0007,4,11|7|15|12|8|16,1:4-2:3&5:8-6:7|1:4-2:3&5:7-6:8|1:4-2:3&5:6:7:8|1:2:3:4&5:8-6:7|1:2:3:4&5:7-6:8|1:2:3:4&5:6:7:8,-24.706|-25.071|-25.523|-27.776|-28.327|-28.632,0.4487|0.3114|0.1982|0.0208|0.012|0.0088
A,BxC0008,4,5|13|8|16,1:2-3:4&5:7-6:8|1:2-3:4&5:6:7:8|1:2:3:4&5:7-6:8|1:2:3:4&5:6:7:8,-30.471|-33.381|-34.337|-37.248,0.9289|0.0506|0.0194|0.0011
A,BxC0009,4,2|14|4|16,1:3-2:4&5:6-7:8|1:3-2:4&5:6:7:8|1:2:3:4&5:6-7:8|1:2:3:4&5:6:7:8,-26.597|-29.393|-30.579|-33.372,0.9252|0.0565|0.0173|0.0011
A,BxC0010,4,7|8|15|16,1:4-2:3&5:7-6:8|1:2:3:4&5:7-6:8|1:4-2:3&5:6:7:8|1:2:3:4&5:6:7:8,-28.925|-30.703|-31.815|-33.594,0.8103|0.137|0.0451|0.0076
PolyOrigin-PolyAncestry,parentgeno
marker,chromosome,position,A,B,C
A_0001,A,0.0,1|2|1|1,1|2|1|2,2|1|2|1
A_0005,A,2.82,2|1|2|2,2|2|2|1,1|1|1|1
A_0002,A,2.82,2|2|2|2,1|2|1|2,2|2|2|2
A_0014,A,6.67,1|1|1|1,1|1|1|1,2|2|2|2
A_0013,A,6.67,1|2|2|1,1|2|2|2,2|1|2|2
A_0010,A,6.67,2|2|2|1,2|1|1|1,1|2|1|1
A_0011,A,6.67,1|2|1|1,1|1|2|1,1|2|1|1
A_0012,A,6.67,1|2|1|1,1|1|2|1,2|1|2|2
A_0009,A,6.67,2|1|2|2,1|2|2|1,2|2|2|2
A_0008,A,6.67,1|1|2|2,2|2|1|1,2|1|2|1
A_0007,A,6.67,2|1|2|2,1|2|2|1,2|1|2|2
A_0015,A,6.67,1|2|1|2,1|1|1|2,1|2|1|2
A_0006,A,6.67,1|2|1|1,1|2|1|2,1|1|1|2
A_0004,A,6.67,1|2|1|1,2|2|1|1,2|2|2|1
A_0019,A,10.85,1|2|2|1,1|1|1|2,1|2|2|2
A_0016,A,10.85,1|2|2|2,1|1|2|1,2|1|2|2
A_0003,A,10.85,1|2|2|2,2|2|1|1,2|2|1|2
A_0018,A,10.85,2|1|2|1,1|1|2|1,1|1|2|2
A_0021,A,10.85,2|2|1|1,1|1|2|1,2|2|2|1
A_0020,A,10.85,1|2|2|2,2|2|1|2,2|1|1|1
A_0017,A,10.85,2|2|2|1,2|2|1|1,2|1|1|1
A_0024,A,15.1,2|2|2|2,1|1|2|2,1|2|2|2
A_0025,A,15.1,1|2|2|2,2|1|1|2,2|1|1|2
A_0027,A,17.27,2|1|2|2,2|1|2|2,2|1|1|2
A_0029,A,17.27,2|2|1|2,2|1|2|1,1|1|1|1
A_0023,A,17.27,1|2|1|1,2|1|1|2,1|1|2|2
A_0028,A,17.27,2|2|2|1,1|1|2|1,1|1|2|1
A_0022,A,17.93,2|2|2|2,1|2|2|2,1|2|1|2
A_0030,A,19.71,1|2|2|2,1|2|1|1,2|1|1|2
A_0034,A,19.71,2|1|1|1,2|1|2|1,2|1|2|2
A_0026,A,19.71,2|2|1|1,1|1|2|1,1|1|1|1
A_0032,A,19.71,2|2|2|2,1|1|1|2,2|1|1|2
A_0031,A,19.71,2|1|2|2,1|2|2|1,1|2|1|1
A_0035,A,19.71,2|1|1|2,2|1|2|2,2|1|2|1
A_0033,A,19.71,1|1|1|2,1|1|1|1,1|1|1|2
A_0036,A,19.71,1|2|1|2,1|1|2|2,1|2|2|2
A_0037,A,19.71,1|1|2|2,1|2|1|2,2|2|1|2
A_0038,A,27.46,2|2|2|2,1|2|2|2,2|1|1|1
A_0039,A,27.46,2|2|2|1,2|2|2|1,1|1|1|1
A_0055,A,27.46,1|1|1|1,1|2|2|1,1|2|1|2
A_0042,A,27.46,2|1|1|1,1|1|1|1,1|1|1|2
A_0046,A,27.92,1|1|2|1,2|2|1|1,2|2|2|2
A_0061,A,27.92,1|2|1|2,1|2|1|2,1|2|1|2
A_0044,A,27.92,1|2|2|1,1|1|1|2,2|2|1|2
A_0043,A,28.19,2|2|1|1,1|1|1|1,1|1|2|1
A_0045,A,28.19,1|2|2|1,2|2|1|2,2|1|2|2
A_0041,A,28.19,1|2|1|2,2|2|2|1,1|2|2|1
A_0048,A,28.19,1|1|2|1,1|2|1|2,2|1|1|2
A_0051,A,28.19,1|2|2|2,1|1|2|2,2|2|2|2
A_0049,A,28.19,1|1|1|1,1|2|1|1,2|2|2|2
A_0050,A,28.19,2|2|2|2,2|2|1|1,1|1|2|1
A_0047,A,28.19,1|1|2|2,2|1|2|2,2|1|1|2
A_0056,A,28.19,2|2|2|2,2|2|2|2,1|2|1|1
A_0052,A,32.62,2|2|1|1,1|1|2|2,1|2|2|1
A_0053,A,34.05,2|2|1|1,1|1|1|2,2|1|1|1
A_0059,A,34.05,2|2|2|1,2|1|1|1,1|2|2|2
A_0054,A,34.05,1|2|1|2,2|2|1|1,2|1|1|1
A_0040,A,34.05,1|1|1|1,2|1|1|2,2|1|2|2
A_0057,A,34.05,1|1|2|2,1|2|1|2,1|2|2|2
A_0058,A,36.76,1|1|1|1,2|1|1|1,1|2|1|1
A_0060,A,36.84,1|1|1|1,1|1|1|2,2|2|1|2
A_0062,A,39.82,1|2|1|1,1|2|1|1,2|1|2|1
A_0063,A,39.82,1|1|1|1,1|1|1|2,2|1|1|1
A_0065,A,39.82,2|1|2|1,1|2|2|1,1|1|2|2
A_0064,A,39.82,1|2|1|2,1|2|1|1,2|1|2|1
A_0067,A,42.91,1|2|1|1,1|1|2|1,2|2|2|1
A_0066,A,42.91,2|1|2|1,1|2|2|1,1|1|2|1
A_0068,A,42.91,1|1|2|2,2|2|1|1,2|2|1|2
A_0069,A,42.99,2|1|1|2,1|1|1|2,1|1|1|2
A_0072,A,49.61,1|1|2|2,1|2|2|2,1|1|2|1
A_0071,A,49.61,1|2|2|1,2|2|1|1,2|2|1|2
A_0070,A,49.61,2|2|2|2,2|2|1|2,2|2|1|1
A_0074,A,49.61,2|1|2|2,1|1|1|2,1|1|2|2
A_0073,A,49.61,2|1|1|1,2|2|1|1,2|2|1|2
A_0078,A,50.9,2|1|1|2,1|1|1|1,2|2|1|2
A_0077,A,53.17,1|2|2|1,1|1|2|1,1|2|2|2
A_0076,A,53.17,1|2|1|1,1|1|2|2,1|1|1|2
A_0079,A,60.85,2|2|1|2,2|1|1|1,2|2|1|1
A_0082,A,62.36,2|2|1|2,1|2|2|2,2|2|2|1
A_0080,A,62.44,1|1|1|1,2|1|2|1,2|2|2|2
A_0081,A,62.44,1|1|2|2,2|1|2|2,1|2|1|2
A_0083,A,62.44,2|1|2|2,2|2|1|1,2|1|1|1
A_0085,A,68.39,2|1|1|1,1|1|1|2,2|1|2|2
A_0086,A,70.69,2|2|1|1,1|2|2|2,2|1|1|1
A_0084,A,71.33,2|2|1|2,2|1|2|1,2|1|1|2
A_0075,A,71.42,2|2|2|2,1|1|1|1,2|1|1|2
A_0087,A,71.42,1|1|2|1,2|2|2|1,2|2|1|2
A_0088,A,71.42,2|2|2|1,1|1|1|2,1|1|2|1
A_0091,A,72.87,1|1|2|1,1|1|1|1,2|2|1|1
A_0089,A,72.87,2|2|2|2,2|2|2|1,1|2|1|1
A_0090,A,72.87,1|1|1|1,2|2|2|2,2|1|2|1
A_0097,A,75.12,2|2|2|2,2|1|1|2,2|2|2|2
A_0096,A,75.12,1|2|1|2,2|2|2|2,1|2|1|1
A_0092,A,75.12,2|1|1|2,1|1|2|1,2|2|2|2
A_0093,A,75.12,1|1|2|1,2|1|2|2,2|1|2|1
A_0094,A,75.12,2|2|1|1,2|2|1|1,1|2|2|1
A_0095,A,75.12,2|1|1|1,2|1|1|1,1|1|1|1
A_0100,A,77.19,1|2|1|1,1|2|1|1,1|2|2|1
A_0099,A,77.19,1|2|1|2,1|2|1|1,2|1|1|1
A_0098,A,77.19,2|1|1|2,2|2|2|2,2|2|1|1
A_0101,A,77.98,2|2|2|2,1|2|2|2,1|2|2|2
A_0102,A,80.44,2|1|2|2,1|1|1|1,1|1|1|2
A_0103,A,89.09,1|1|2|2,2|2|1|1,2|1|2|2
A_0105,A,92.7,1|1|1|2,1|1|2|1,2|2|2|1
A_0107,A,92.7,2|1|1|2,1|2|2|2,2|2|1|1
A_0106,A,92.7,1|2|1|1,1|1|2|2,2|1|2|1
A_0104,A,95.23,1|1|1|1,1|2|2|1,1|1|1|1
A_0109,A,97.94,2|1|1|1,2|1|2|1,1|2|1|2
A_0110,A,100.64,1|1|2|1,2|2|2|1,2|2|2|2
A_0117,A,100.64,1|2|1|2,2|2|1|1,2|2|1|2
A_0113,A,100.64,1|2|1|1,2|2|2|2,2|2|1|2
A_0118,A,100.64,1|1|2|2,2|1|1|2,2|2|2|1
A_0115,A,100.64,2|2|1|2,1|1|2|2,2|1|1|2
A_0119,A,100.64,1|2|2|2,1|1|1|1,1|1|1|1
A_0111,A,100.64,2|1|2|2,1|1|1|2,2|2|2|2
A_0120,A,101.68,2|1|2|1,1|1|1|2,2|1|1|1
A_0108,A,101.68,2|2|2|2,2|2|1|2,1|2|1|1
A_0114,A,101.68,2|2|1|1,2|1|2|1,1|1|1|2
A_0112,A,101.68,1|2|1|2,1|2|2|1,2|1|1|1
A_0116,A,101.68,1|1|2|1,2|1|1|2,1|2|2|2
PolyOrigin-PolyAncestry,ancestralgenotype
population,parentindex,parent,stateindex,state
1,1,A,1,1-1-1-1
1,1,A,2,1-1-1-2
1,1,A,3,1-1-1-3
1,1,A,4,1-1-1-4
1,1,A,5,1-1-2-2
1,1,A,6,1-1-2-3
1,1,A,7,1-1-2-4
1,1,A,8,1-1-3-3
1,1,A,9,1-1-3-4
1,1,A,10,1-1-4-4
1,1,A,11,1-2-2-2
1,1,A,12,1-2-2-3
1,1,A,13,1-2-2-4
1,1,A,14,1-2-3-3
1,1,A,15,1-2-3-4
1,1,A,16,1-2-4-4
1,1,A,17,1-3-3-3
1,1,A,18,1-3-3-4
1,1,A,19,1-3-4-4
1,1,A,20,1-4-4-4
1,1,A,21,2-2-2-2
1,1,A,22,2-2-2-3
1,1,A,23,2-2-2-4
1,1,A,24,2-2-3-3
1,1,A,25,2-2-3-4
1,1,A,26,2-2-4-4
1,1,A,27,2-3-3-3
1,1,A,28,2-3-3-4
1,1,A,29,2-3-4-4
1,1,A,30,2-4-4-4
1,1,A,31,3-3-3-3
1,1,A,32,3-3-3-4
1,1,A,33,3-3-4-4
1,1,A,34,3-4-4-4
1,1,A,35,4-4-4-4
2,1|2,A|B,1,1-1-5-5
2,1|2,A|B,2,1-1-5-6
2,1|2,A|B,3,1-1-5-7
2,1|2,A|B,4,1-1-5-8
2,1|2,A|B,5,1-1-6-6
2,1|2,A|B,6,1-1-6-7
2,1|2,A|B,7,1-1-6-8
2,1|2,A|B,8,1-1-7-7
2,1|2,A|B,9,1-1-7-8
2,1|2,A|B,10,1-1-8-8
2,1|2,A|B,11,1-2-5-5
2,1|2,A|B,12,1-2-5-6
2,1|2,A|B,13,1-2-5-7
2,1|2,A|B,14,1-2-5-8
2,1|2,A|B,15,1-2-6-6
2,1|2,A|B,16,1-2-6-7
2,1|2,A|B,17,1-2-6-8
2,1|2,A|B,18,1-2-7-7
2,1|2,A|B,19,1-2-7-8
2,1|2,A|B,20,1-2-8-8
2,1|2,A|B,21,1-3-5-5
2,1|2,A|B,22,1-3-5-6
2,1|2,A|B,23,1-3-5-7
2,1|2,A|B,24,1-3-5-8
2,1|2,A|B,25,1-3-6-6
2,1|2,A|B,26,1-3-6-7
2,1|2,A|B,27,1-3-6-8
2,1|2,A|B,28,1-3-7-7
2,1|2,A|B,29,1-3-7-8
2,1|2,A|B,30,1-3-8-8
2,1|2,A|B,31,1-4-5-5
2,1|2,A|B,32,1-4-5-6
2,1|2,A|B,33,1-4-5-7
2,1|2,A|B,34,1-4-5-8
2,1|2,A|B,35,1-4-6-6
2,1|2,A|B,36,1-4-6-7
2,1|2,A|B,37,1-4-6-8
2,1|2,A|B,38,1-4-7-7
2,1|2,A|B,39,1-4-7-8
2,1|2,A|B,40,1-4-8-8
2,1|2,A|B,41,2-2-5-5
2,1|2,A|B,42,2-2-5-6
2,1|2,A|B,43,2-2-5-7
2,1|2,A|B,44,2-2-5-8
2,1|2,A|B,45,2-2-6-6
2,1|2,A|B,46,2-2-6-7
2,1|2,A|B,47,2-2-6-8
2,1|2,A|B,48,2-2-7-7
2,1|2,A|B,49,2-2-7-8
2,1|2,A|B,50,2-2-8-8
2,1|2,A|B,51,2-3-5-5
2,1|2,A|B,52,2-3-5-6
2,1|2,A|B,53,2-3-5-7
2,1|2,A|B,54,2-3-5-8
2,1|2,A|B,55,2-3-6-6
2,1|2,A|B,56,2-3-6-7
2,1|2,A|B,57,2-3-6-8
2,1|2,A|B,58,2-3-7-7
2,1|2,A|B,59,2-3-7-8
2,1|2,A|B,60,2-3-8-8
2,1|2,A|B,61,2-4-5-5
2,1|2,A|B,62,2-4-5-6
2,1|2,A|B,63,2-4-5-7
2,1|2,A|B,64,2-4-5-8
2,1|2,A|B,65,2-4-6-6
2,1|2,A|B,66,2-4-6-7
2,1|2,A|B,67,2-4-6-8
2,1|2,A|B,68,2-4-7-7
2,1|2,A|B,69,2-4-7-8
2,1|2,A|B,70,2-4-8-8
2,1|2,A|B,71,3-3-5-5
2,1|2,A|B,72,3-3-5-6
2,1|2,A|B,73,3-3-5-7
2,1|2,A|B,74,3-3-5-8
2,1|2,A|B,75,3-3-6-6
2,1|2,A|B,76,3-3-6-7
2,1|2,A|B,77,3-3-6-8
2,1|2,A|B,78,3-3-7-7
2,1|2,A|B,79,3-3-7-8
2,1|2,A|B,80,3-3-8-8
2,1|2,A|B,81,3-4-5-5
2,1|2,A|B,82,3-4-5-6
2,1|2,A|B,83,3-4-5-7
2,1|2,A|B,84,3-4-5-8
2,1|2,A|B,85,3-4-6-6
2,1|2,A|B,86,3-4-6-7
2,1|2,A|B,87,3-4-6-8
2,1|2,A|B,88,3-4-7-7
2,1|2,A|B,89,3-4-7-8
2,1|2,A|B,90,3-4-8-8
2,1|2,A|B,91,4-4-5-5
2,1|2,A|B,92,4-4-5-6
2,1|2,A|B,93,4-4-5-7
2,1|2,A|B,94,4-4-5-8
2,1|2,A|B,95,4-4-6-6
2,1|2,A|B,96,4-4-6-7
2,1|2,A|B,97,4-4-6-8
2,1|2,A|B,98,4-4-7-7
2,1|2,A|B,99,4-4-7-8
2,1|2,A|B,100,4-4-8-8
3,1|3,A|C,1,1-1-5-5
3,1|3,A|C,2,1-1-5-6
3,1|3,A|C,3,1-1-5-7
3,1|3,A|C,4,1-1-5-8
3,1|3,A|C,5,1-1-6-6
3,1|3,A|C,6,1-1-6-7
3,1|3,A|C,7,1-1-6-8
3,1|3,A|C,8,1-1-7-7
3,1|3,A|C,9,1-1-7-8
3,1|3,A|C,10,1-1-8-8
3,1|3,A|C,11,1-2-5-5
3,1|3,A|C,12,1-2-5-6
3,1|3,A|C,13,1-2-5-7
3,1|3,A|C,14,1-2-5-8
3,1|3,A|C,15,1-2-6-6
3,1|3,A|C,16,1-2-6-7
3,1|3,A|C,17,1-2-6-8
3,1|3,A|C,18,1-2-7-7
3,1|3,A|C,19,1-2-7-8
3,1|3,A|C,20,1-2-8-8
3,1|3,A|C,21,1-3-5-5
3,1|3,A|C,22,1-3-5-6
3,1|3,A|C,23,1-3-5-7
3,1|3,A|C,24,1-3-5-8
3,1|3,A|C,25,1-3-6-6
3,1|3,A|C,26,1-3-6-7
3,1|3,A|C,27,1-3-6-8
3,1|3,A|C,28,1-3-7-7
3,1|3,A|C,29,1-3-7-8
3,1|3,A|C,30,1-3-8-8
3,1|3,A|C,31,1-4-5-5
3,1|3,A|C,32,1-4-5-6
3,1|3,A|C,33,1-4-5-7
3,1|3,A|C,34,1-4-5-8
3,1|3,A|C,35,1-4-6-6
3,1|3,A|C,36,1-4-6-7
3,1|3,A|C,37,1-4-6-8
3,1|3,A|C,38,1-4-7-7
3,1|3,A|C,39,1-4-7-8
3,1|3,A|C,40,1-4-8-8
3,1|3,A|C,41,2-2-5-5
3,1|3,A|C,42,2-2-5-6
3,1|3,A|C,43,2-2-5-7
3,1|3,A|C,44,2-2-5-8
3,1|3,A|C,45,2-2-6-6
3,1|3,A|C,46,2-2-6-7
3,1|3,A|C,47,2-2-6-8
3,1|3,A|C,48,2-2-7-7
3,1|3,A|C,49,2-2-7-8
3,1|3,A|C,50,2-2-8-8
3,1|3,A|C,51,2-3-5-5
3,1|3,A|C,52,2-3-5-6
3,1|3,A|C,53,2-3-5-7
3,1|3,A|C,54,2-3-5-8
3,1|3,A|C,55,2-3-6-6
3,1|3,A|C,56,2-3-6-7
3,1|3,A|C,57,2-3-6-8
3,1|3,A|C,58,2-3-7-7
3,1|3,A|C,59,2-3-7-8
3,1|3,A|C,60,2-3-8-8
3,1|3,A|C,61,2-4-5-5
3,1|3,A|C,62,2-4-5-6
3,1|3,A|C,63,2-4-5-7
3,1|3,A|C,64,2-4-5-8
3,1|3,A|C,65,2-4-6-6
3,1|3,A|C,66,2-4-6-7
3,1|3,A|C,67,2-4-6-8
3,1|3,A|C,68,2-4-7-7
3,1|3,A|C,69,2-4-7-8
3,1|3,A|C,70,2-4-8-8
3,1|3,A|C,71,3-3-5-5
3,1|3,A|C,72,3-3-5-6
3,1|3,A|C,73,3-3-5-7
3,1|3,A|C,74,3-3-5-8
3,1|3,A|C,75,3-3-6-6
3,1|3,A|C,76,3-3-6-7
3,1|3,A|C,77,3-3-6-8
3,1|3,A|C,78,3-3-7-7
3,1|3,A|C,79,3-3-7-8
3,1|3,A|C,80,3-3-8-8
3,1|3,A|C,81,3-4-5-5
3,1|3,A|C,82,3-4-5-6
3,1|3,A|C,83,3-4-5-7
3,1|3,A|C,84,3-4-5-8
3,1|3,A|C,85,3-4-6-6
3,1|3,A|C,86,3-4-6-7
3,1|3,A|C,87,3-4-6-8
3,1|3,A|C,88,3-4-7-7
3,1|3,A|C,89,3-4-7-8
3,1|3,A|C,90,3-4-8-8
3,1|3,A|C,91,4-4-5-5
3,1|3,A|C,92,4-4-5-6
3,1|3,A|C,93,4-4-5-7
3,1|3,A|C,94,4-4-5-8
3,1|3,A|C,95,4-4-6-6
3,1|3,A|C,96,4-4-6-7
3,1|3,A|C,97,4-4-6-8
3,1|3,A|C,98,4-4-7-7
3,1|3,A|C,99,4-4-7-8
3,1|3,A|C,100,4-4-8-8
4,2|3,B|C,1,1-1-5-5
4,2|3,B|C,2,1-1-5-6
4,2|3,B|C,3,1-1-5-7
4,2|3,B|C,4,1-1-5-8
4,2|3,B|C,5,1-1-6-6
4,2|3,B|C,6,1-1-6-7
4,2|3,B|C,7,1-1-6-8
4,2|3,B|C,8,1-1-7-7
4,2|3,B|C,9,1-1-7-8
4,2|3,B|C,10,1-1-8-8
4,2|3,B|C,11,1-2-5-5
4,2|3,B|C,12,1-2-5-6
4,2|3,B|C,13,1-2-5-7
4,2|3,B|C,14,1-2-5-8
4,2|3,B|C,15,1-2-6-6
4,2|3,B|C,16,1-2-6-7
4,2|3,B|C,17,1-2-6-8
4,2|3,B|C,18,1-2-7-7
4,2|3,B|C,19,1-2-7-8
4,2|3,B|C,20,1-2-8-8
4,2|3,B|C,21,1-3-5-5
4,2|3,B|C,22,1-3-5-6
4,2|3,B|C,23,1-3-5-7
4,2|3,B|C,24,1-3-5-8
4,2|3,B|C,25,1-3-6-6
4,2|3,B|C,26,1-3-6-7
4,2|3,B|C,27,1-3-6-8
4,2|3,B|C,28,1-3-7-7
4,2|3,B|C,29,1-3-7-8
4,2|3,B|C,30,1-3-8-8
4,2|3,B|C,31,1-4-5-5
4,2|3,B|C,32,1-4-5-6
4,2|3,B|C,33,1-4-5-7
4,2|3,B|C,34,1-4-5-8
4,2|3,B|C,35,1-4-6-6
4,2|3,B|C,36,1-4-6-7
4,2|3,B|C,37,1-4-6-8
4,2|3,B|C,38,1-4-7-7
4,2|3,B|C,39,1-4-7-8
4,2|3,B|C,40,1-4-8-8
4,2|3,B|C,41,2-2-5-5
4,2|3,B|C,42,2-2-5-6
4,2|3,B|C,43,2-2-5-7
4,2|3,B|C,44,2-2-5-8
4,2|3,B|C,45,2-2-6-6
4,2|3,B|C,46,2-2-6-7
4,2|3,B|C,47,2-2-6-8
4,2|3,B|C,48,2-2-7-7
4,2|3,B|C,49,2-2-7-8
4,2|3,B|C,50,2-2-8-8
4,2|3,B|C,51,2-3-5-5
4,2|3,B|C,52,2-3-5-6
4,2|3,B|C,53,2-3-5-7
4,2|3,B|C,54,2-3-5-8
4,2|3,B|C,55,2-3-6-6
4,2|3,B|C,56,2-3-6-7
4,2|3,B|C,57,2-3-6-8
4,2|3,B|C,58,2-3-7-7
4,2|3,B|C,59,2-3-7-8
4,2|3,B|C,60,2-3-8-8
4,2|3,B|C,61,2-4-5-5
4,2|3,B|C,62,2-4-5-6
4,2|3,B|C,63,2-4-5-7
4,2|3,B|C,64,2-4-5-8
4,2|3,B|C,65,2-4-6-6
4,2|3,B|C,66,2-4-6-7
4,2|3,B|C,67,2-4-6-8
4,2|3,B|C,68,2-4-7-7
4,2|3,B|C,69,2-4-7-8
4,2|3,B|C,70,2-4-8-8
4,2|3,B|C,71,3-3-5-5
4,2|3,B|C,72,3-3-5-6
4,2|3,B|C,73,3-3-5-7
4,2|3,B|C,74,3-3-5-8
4,2|3,B|C,75,3-3-6-6
4,2|3,B|C,76,3-3-6-7
4,2|3,B|C,77,3-3-6-8
4,2|3,B|C,78,3-3-7-7
4,2|3,B|C,79,3-3-7-8
4,2|3,B|C,80,3-3-8-8
4,2|3,B|C,81,3-4-5-5
4,2|3,B|C,82,3-4-5-6
4,2|3,B|C,83,3-4-5-7
4,2|3,B|C,84,3-4-5-8
4,2|3,B|C,85,3-4-6-6
4,2|3,B|C,86,3-4-6-7
4,2|3,B|C,87,3-4-6-8
4,2|3,B|C,88,3-4-7-7
4,2|3,B|C,89,3-4-7-8
4,2|3,B|C,90,3-4-8-8
4,2|3,B|C,91,4-4-5-5
4,2|3,B|C,92,4-4-5-6
4,2|3,B|C,93,4-4-5-7
4,2|3,B|C,94,4-4-5-8
4,2|3,B|C,95,4-4-6-6
4,2|3,B|C,96,4-4-6-7
4,2|3,B|C,97,4-4-6-8
4,2|3,B|C,98,4-4-7-7
4,2|3,B|C,99,4-4-7-8
4,2|3,B|C,100,4-4-8-8
PolyOrigin-PolyAncestry,genoprob
marker,chromosome,position,AxA0001,AxA0002,AxA0003,AxA0004,AxA0005,AxA0006,AxA0007,AxA0008,AxA0009,AxA0010,AxB0001,AxB0002,AxB0003,AxB0004,AxB0005,AxB0006,AxB0007,AxB0008,AxB0009,AxB0010,AxC0001,AxC0002,AxC0003,AxC0004,AxC0005,AxC0006,AxC0007,AxC0008,AxC0009,AxC0010,BxC0001,BxC0002,BxC0003,BxC0004,BxC0005,BxC0006,BxC0007,BxC0008,BxC0009,BxC0010
A_0001,A,0.0,6|7|14|15|16|28|29=>0.004|0.008|0.052|0.876|0.007|0.009|0.044,5|6|7|11|12|13|15|16|23|25|26|29=>0.041|0.003|0.006|0.001|0.012|0.836|0.04|0.002|0.001|0.002|0.053|0.003,8|9|18|19|33|34=>0.002|0.061|0.03|0.873|0.025|0.008,6|7|14|15|16|28|29=>0.002|0.004|0.08|0.856|0.043|0.004|0.011,6|7|14|15|16|28|29=>0.032|0.011|0.008|0.876|0.017|0.05|0.006,5|12|13|24|25=>0.001|0.884|0.057|0.049|0.008,12|13|24|25|26=>0.195|0.044|0.05|0.652|0.058,3|4|8|9|10|18|19=>0.001|0.006|0.002|0.873|0.049|0.057|0.01,8|9|17|18|19=>0.055|0.006|0.002|0.877|0.059,6|7|14|15|16|28|29=>0.044|0.012|0.003|0.879|0.004|0.002|0.056,12|14|16|19|52|56|59=>0.052|0.001|0.862|0.022|0.003|0.057|0.001,6|22|24|26|29|32|36|39|76|82|86|89=>0.003|0.027|0.002|0.877|0.027|0.001|0.033|0.001|0.003|0.001|0.023|0.001,12|13|19|23|62|63|67|69|82|83|89=>0.002|0.057|0.002|0.002|0.024|0.862|0.001|0.024|0.001|0.024|0.001,27|54|56|59|64=>0.001|0.935|0.001|0.001|0.062,23|33|73|81|83|88|93=>0.06|0.001|0.001|0.001|0.934|0.001|0.001,7|12|14|16|19|25|27|30|37|62|64|66|69|87=>0.015|0.152|0.153|0.153|0.152|0.001|0.297|0.002|0.016|0.009|0.009|0.009|0.009|0.019,3|23|31|33|38|83|93=>0.001|0.001|0.003|0.93|0.003|0.06|0.001,13|24|26|53|63=>0.003|0.002|0.002|0.936|0.057,12|14|16|19|27|56|66=>0.003|0.001|0.933|0.001|0.001|0.001|0.06,6|22|26|29|32|34|36|39|86|96=>0.001|0.004|0.055|0.001|0.055|0.002|0.857|0.023|0.001|0.001,14|16|19|52|54|56|59|69=>0.005|0.003|0.048|0.006|0.084|0.052|0.799|0.003,15|17|20|57|67=>0.004|0.93|0.004|0.029|0.029,22|26|32|36|57|67|76|82|84|86|89|96=>0.001|0.028|0.001|0.028|0.001|0.001|0.004|0.035|0.006|0.888|0.001|0.004,14|52|54|59|62|64|66|69=>0.001|0.003|0.051|0.005|0.052|0.796|0.006|0.085,4|6|22|24|26|29|32|34|36|39|82|84|86|89|94|96=>0.002|0.002|0.001|0.014|0.014|0.001|0.024|0.442|0.442|0.024|0.001|0.014|0.014|0.001|0.002|0.002,12|52|62|64|66|69|83=>0.059|0.001|0.925|0.003|0.005|0.004|0.002,22|32|67|72|82|84|86|89|92=>0.056|0.003|0.001|0.003|0.919|0.004|0.006|0.004|0.003,27|37|77|85|87|90=>0.001|0.061|0.003|0.003|0.929|0.003,12|14|16|52|54|56|59|83=>0.057|0.002|0.003|0.861|0.027|0.044|0.004|0.001,12|14|16|19|33|52|54|56|62=>0.863|0.027|0.044|0.004|0.001|0.053|0.002|0.003|0.003,12|14|16|19|36|56|65|67|70|82|84|86|89=>0.014|0.001|0.282|0.009|0.006|0.006|0.046|0.327|0.001|0.014|0.001|0.282|0.009,12|13|14|16|17|18|19|20|24|26|29|59|64|66|69|89=>0.005|0.001|0.083|0.051|0.001|0.001|0.801|0.001|0.002|0.001|0.022|0.001|0.002|0.001|0.022|0.001,3|12|16|19|23|32|47|52|67=>0.001|0.959|0.002|0.004|0.001|0.009|0.001|0.022|0.001,46|62|64|66|69|96=>0.001|0.084|0.005|0.856|0.052|0.001,62|64|66|69=>0.006|0.089|0.055|0.851,13|44|62|64|66|69|83|94=>0.002|0.001|0.001|0.988|0.004|0.002|0.002|0.001,12|14|16|19|21|23|28|39|59|82|84|86|89=>0.002|0.024|0.015|0.467|0.001|0.228|0.032|0.004|0.009|0.001|0.01|0.006|0.199,22|24|26|29=>0.088|0.006|0.85|0.055,13|33|53|81|83|88=>0.002|0.06|0.025|0.002|0.909|0.002,49|62|64|66|69|99=>0.001|0.006|0.088|0.054|0.849|0.001
A_0005,A,2.82,6|7|14|15|16|28|29=>0.002|0.005|0.032|0.925|0.004|0.005|0.026,5|12|13|25|26=>0.027|0.008|0.93|0.001|0.034,8|9|18|19|33|34=>0.001|0.037|0.018|0.924|0.015|0.005,6|7|9|14|15|16|25|28|29=>0.001|0.002|0.002|0.06|0.898|0.026|0.001|0.002|0.007,6|7|14|15|16|28|29=>0.02|0.007|0.004|0.925|0.01|0.03|0.003,5|12|13|24|25=>0.001|0.931|0.035|0.03|0.004,12|13|15|24|25|26=>0.202|0.04|0.003|0.031|0.681|0.043,3|4|8|9|10|18|19=>0.001|0.004|0.001|0.924|0.03|0.035|0.005,8|9|17|18|19=>0.033|0.003|0.001|0.926|0.036,6|7|14|15|16|28|29=>0.027|0.007|0.002|0.927|0.002|0.001|0.034,12|16|52|56=>0.033|0.93|0.001|0.035,6|16|22|24|26|29|36|56|76|86=>0.002|0.001|0.017|0.001|0.925|0.017|0.02|0.001|0.002|0.014,13|63=>0.037|0.963,54|59|64=>0.962|0.001|0.037,23|33|73|81|83|88|93=>0.036|0.001|0.001|0.001|0.961|0.001|0.001,17|27|30|57|67=>0.961|0.002|0.001|0.002|0.034,3|23|31|33|38|83|93=>0.001|0.001|0.002|0.959|0.002|0.036|0.001,13|24|53|56|63=>0.002|0.001|0.961|0.002|0.034,12|16|56|66=>0.002|0.962|0.001|0.036,6|22|26|32|36|86|96=>0.001|0.001|0.034|0.034|0.928|0.001|0.001,14|16|19|52|54|56|59|69=>0.002|0.001|0.03|0.003|0.067|0.032|0.863|0.002,12|14|15|16|17|19|20|57|67=>0.001|0.001|0.002|0.001|0.956|0.001|0.002|0.018|0.017,22|26|32|36|76|82|83|84|86|87|89|96=>0.001|0.017|0.001|0.017|0.002|0.036|0.002|0.003|0.913|0.005|0.001|0.002,14|34|52|54|59|62|64|66|69=>0.001|0.001|0.001|0.032|0.003|0.033|0.859|0.003|0.068,3|4|6|23|24|26|31|32|33|34|36|37|38|39|83|84|86|93|94|96=>0.001|0.001|0.001|0.007|0.005|0.005|0.001|0.014|0.403|0.263|0.263|0.001|0.001|0.014|0.007|0.005|0.005|0.001|0.001|0.001,12|52|62|63|64|66|67|69=>0.035|0.001|0.952|0.003|0.002|0.004|0.002|0.001,22|32|72|82|83|84|86|87|89|92=>0.033|0.002|0.002|0.948|0.002|0.002|0.005|0.003|0.001|0.002,37|77|84|85|86|87|90=>0.036|0.003|0.001|0.002|0.001|0.954|0.002,12|14|16|52|53|54|56|57|59=>0.035|0.001|0.001|0.907|0.001|0.017|0.035|0.001|0.002,12|13|14|16|17|19|52|54|56|62=>0.908|0.001|0.017|0.035|0.001|0.002|0.032|0.001|0.001|0.002,62|63|64|65|66|67|69=>0.024|0.001|0.001|0.027|0.746|0.189|0.011,12|13|14|16|17|18|19|20|59=>0.003|0.001|0.069|0.033|0.001|0.001|0.892|0.001|0.001,12|13|16|17|19|52=>0.977|0.003|0.002|0.003|0.001|0.013,62|64|66|69=>0.066|0.002|0.9|0.031,62|64|66|69=>0.003|0.069|0.033|0.895,62|63|64|66|67|69=>0.001|0.004|0.99|0.001|0.002|0.002,12|14|16|19|21|22|23|24|26|27|28|29|59|89=>0.001|0.011|0.005|0.277|0.001|0.001|0.132|0.017|0.008|0.001|0.019|0.521|0.005|0.001,22|24|26|29=>0.069|0.003|0.894|0.033,33|81|83|84|86|88=>0.036|0.001|0.958|0.001|0.001|0.001,62|64|66|69=>0.003|0.069|0.033|0.895
A_0002,A,2.82,6|7|14|15|16|28|29=>0.002|0.005|0.032|0.925|0.004|0.005|0.026,5|12|13|25|26=>0.027|0.008|0.93|0.001|0.034,8|9|18|19|33|34=>0.001|0.037|0.018|0.924|0.015|0.005,6|7|9|14|15|16|25|28|29=>0.001|0.002|0.002|0.06|0.898|0.026|0.001|0.002|0.007,6|7|14|15|16|28|29=>0.02|0.007|0.004|0.925|0.01|0.03|0.003,5|12|13|24|25=>0.001|0.931|0.035|0.03|0.004,12|13|15|24|25|26=>0.202|0.04|0.003|0.031|0.681|0.043,3|4|8|9|10|18|19=>0.001|0.004|0.001|0.924|0.03|0.035|0.005,8|9|17|18|19=>0.033|0.003|0.001|0.926|0.036,6|7|14|15|16|28|29=>0.027|0.007|0.002|0.927|0.002|0.001|0.034,12|16|52|56=>0.033|0.93|0.001|0.035,6|16|22|24|26|29|36|56|76|86=>0.002|0.001|0.017|0.001|0.925|0.017|0.02|0.001|0.002|0.014,13|63=>0.037|0.963,54|59|64=>0.962|0.001|0.037,23|33|73|81|83|88|93=>0.036|0.001|0.001|0.001|0.961|0.001|0.001,17|27|30|57|67=>0.961|0.002|0.001|0.002|0.034,3|23|31|33|38|83|93=>0.001|0.001|0.002|0.959|0.002|0.036|0.001,13|24|53|56|63=>0.002|0.001|0.961|0.002|0.034,12|16|56|66=>0.002|0.962|0.001|0.036,6|22|26|32|36|86|96=>0.001|0.001|0.034|0.034|0.928|0.001|0.001,14|16|19|52|54|56|59|69=>0.002|0.001|0.03|0.003|0.067|0.032|0.863|0.002,12|14|15|16|17|19|20|57|67=>0.001|0.001|0.002|0.001|0.956|0.001|0.002|0.018|0.017,22|26|32|36|76|82|83|84|86|87|89|96=>0.001|0.017|0.001|0.017|0.002|0.036|0.002|0.003|0.913|0.005|0.001|0.002,14|34|52|54|59|62|64|66|69=>0.001|0.001|0.001|0.032|0.003|0.033|0.859|0.003|0.068,3|4|6|23|24|26|31|32|33|34|36|37|38|39|83|84|86|93|94|96=>0.001|0.001|0.001|0.007|0.005|0.005|0.001|0.014|0.403|0.263|0.263|0.001|0.001|0.014|0.007|0.005|0.005|0.001|0.001|0.001,12|52|62|63|64|66|67|69=>0.035|0.001|0.952|0.003|0.002|0.004|0.002|0.001,22|32|72|82|83|84|86|87|89|92=>0.033|0.002|0.002|0.948|0.002|0.002|0.005|0.003|0.001|0.002,37|77|84|85|86|87|90=>0.036|0.003|0.001|0.002|0.001|0.954|0.002,12|14|16|52|53|54|56|57|59=>0.035|0.001|0.001|0.907|0.001|0.017|0.035|0.001|0.002,12|13|14|16|17|19|52|54|56|62=>0.908|0.001|0.017|0.035|0.001|0.002|0.032|0.001|0.001|0.002,62|63|64|65|66|67|69=>0.024|0.001|0.001|0.027|0.746|0.189|0.011,12|13|14|16|17|18|19|20|59=>0.003|0.001|0.069|0.033|0.001|0.001|0.892|0.001|0.001,12|13|16|17|19|52=>0.977|0.003|0.002|0.003|0.001|0.013,62|64|66|69=>0.066|0.002|0.9|0.031,62|64|66|69=>0.003|0.069|0.033|0.895,62|63|64|66|67|69=>0.001|0.004|0.99|0.001|0.002|0.002,12|14|16|19|21|22|23|24|26|27|28|29|59|89=>0.001|0.011|0.005|0.277|0.001|0.001|0.132|0.017|0.008|0.001|0.019|0.521|0.005|0.001,22|24|26|29=>0.069|0.003|0.894|0.033,33|81|83|84|86|88=>0.036|0.001|0.958|0.001|0.001|0.001,62|64|66|69=>0.003|0.069|0.033|0.895
A_0014,A,6.67,15=>1.0,13=>1.0,19=>1.0,14|15=>0.029|0.971,15=>1.0,12=>1.0,15|16=>0.97|0.03,9=>1.0,18=>1.0,15=>1.0,16=>1.0,26=>1.0,63=>1.0,54=>1.0,83=>1.0,17=>1.0,33=>1.0,53=>1.0,16=>1.0,36=>1.0,54|59=>0.039|0.961,17=>1.0,82|86|87=>0.038|0.957|0.005,64|69=>0.96|0.04,31|33|38=>0.001|0.997|0.001,62|66=>0.998|0.002,82|86=>0.997|0.003,77|87=>0.003|0.997,52|56=>0.98|0.02,12|16|52=>0.979|0.02|0.001,62|66=>0.014|0.986,14|19=>0.039|0.961,12|16=>0.998|0.002,62|66=>0.037|0.963,54|59=>0.039|0.961,64|69=>0.999|0.001,24|29=>0.016|0.984,22|26=>0.039|0.961,81|83|88=>0.001|0.999|0.001,64|69=>0.039|0.961
A_0013,A,6.67,15=>1.0,13=>1.0,19=>1.0,14|15=>0.029|0.971,15=>1.0,12=>1.0,15|16=>0.97|0.03,9=>1.0,18=>1.0,15=>1.0,16=>1.0,26=>1.0,63=>1.0,54=>1.0,83=>1.0,17=>1.0,33=>1.0,53=>1.0,16=>1.0,36=>1.0,54|59=>0.039|0.961,17=>1.0,82|86|87=>0.038|0.957|0.005,64|69=>0.96|0.04,31|33|38=>0.001|0.997|0.001,62|66=>0.998|0.002,82|86=>0.997|0.003,77|87=>0.003|0.997,52|56=>0.98|0.02,12|16|52=>0.979|0.02|0.001,62|66=>0.014|0.986,14|19=>0.039|0.961,12|16=>0.998|0.002,62|66=>0.037|0.963,54|59=>0.039|0.961,64|69=>0.999|0.001,24|29=>0.016|0.984,22|26=>0.039|0.961,81|83|88=>0.001|0.999|0.001,64|69=>0.039|0.961
A_0010,A,6.67,15=>1.0,13=>1.0,19=>1.0,14|15=>0.029|0.971,15=>1.0,12=>1.0,15|16=>0.97|0.03,9=>1.0,18=>1.0,15=>1.0,16=>1.0,26=>1.0,63=>1.0,54=>1.0,83=>1.0,17=>1.0,33=>1.0,53=>1.0,16=>1.0,36=>1.0,54|59=>0.039|0.961,17=>1.0,82|86|87=>0.038|0.957|0.005,64|69=>0.96|0.04,31|33|38=>0.001|0.997|0.001,62|66=>0.998|0.002,82|86=>0.997|0.003,77|87=>0.003|0.997,52|56=>0.98|0.02,12|16|52=>0.979|0.02|0.001,62|66=>0.014|0.986,14|19=>0.039|0.961,12|16=>0.998|0.002,62|66=>0.037|0.963,54|59=>0.039|0.961,64|69=>0.999|0.001,24|29=>0.016|0.984,22|26=>0.039|0.961,81|83|88=>0.001|0.999|0.001,64|69=>0.039|0.961
A_0011,A,6.67,15=>1.0,13=>1.0,19=>1.0,14|15=>0.029|0.971,15=>1.0,12=>1.0,15|16=>0.97|0.03,9=>1.0,18=>1.0,15=>1.0,16=>1.0,26=>1.0,63=>1.0,54=>1.0,83=>1.0,17=>1.0,33=>1.0,53=>1.0,16=>1.0,36=>1.0,54|59=>0.039|0.961,17=>1.0,82|86|87=>0.038|0.957|0.005,64|69=>0.96|0.04,31|33|38=>0.001|0.997|0.001,62|66=>0.998|0.002,82|86=>0.997|0.003,77|87=>0.003|0.997,52|56=>0.98|0.02,12|16|52=>0.979|0.02|0.001,62|66=>0.014|0.986,14|19=>0.039|0.961,12|16=>0.998|0.002,62|66=>0.037|0.963,54|59=>0.039|0.961,64|69=>0.999|0.001,24|29=>0.016|0.984,22|26=>0.039|0.961,81|83|88=>0.001|0.999|0.001,64|69=>0.039|0.961
A_0012,A,6.67,15=>1.0,13=>1.0,19=>1.0,14|15=>0.029|0.971,15=>1.0,12=>1.0,15|16=>0.97|0.03,9=>1.0,18=>1.0,15=>1.0,16=>1.0,26=>1.0,63=>1.0,54=>1.0,83=>1.0,17=>1.0,33=>1.0,53=>1.0,16=>1.0,36=>1.0,54|59=>0.039|0.961,17=>1.0,82|86|87=>0.038|0.957|0.005,64|69=>0.96|0.04,31|33|38=>0.001|0.997|0.001,62|66=>0.998|0.002,82|86=>0.997|0.003,77|87=>0.003|0.997,52|56=>0.98|0.02,12|16|52=>0.979|0.02|0.001,62|66=>0.014|0.986,14|19=>0.039|0.961,12|16=>0.998|0.002,62|66=>0.037|0.963,54|59=>0.039|0.961,64|69=>0.999|0.001,24|29=>0.016|0.984,22|26=>0.039|0.961,81|83|88=>0.001|0.999|0.001,64|69=>0.039|0.961
A_0009,A,6.67,15=>1.0,13=>1.0,19=>1.0,14|15=>0.029|0.971,15=>1.0,12=>1.0,15|16=>0.97|0.03,9=>1.0,18=>1.0,15=>1.0,16=>1.0,26=>1.0,63=>1.0,54=>1.0,83=>1.0,17=>1.0,33=>1.0,53=>1.0,16=>1.0,36=>1.0,54|59=>0.039|0.961,17=>1.0,82|86|87=>0.038|0.957|0.005,64|69=>0.96|0.04,31|33|38=>0.001|0.997|0.001,62|66=>0.998|0.002,82|86=>0.997|0.003,77|87=>0.003|0.997,52|56=>0.98|0.02,12|16|52=>0.979|0.02|0.001,62|66=>0.014|0.986,14|19=>0.039|0.961,12|16=>0.998|0.002,62|66=>0.037|0.963,54|59=>0.039|0.961,64|69=>0.999|0.001,24|29=>0.016|0.984,22|26=>0.039|0.961,81|83|88=>0.001|0.999|0.001,64|69=>0.039|0.961
A_0008,A,6.67,15=>1.0,13=>1.0,19=>1.0,14|15=>0.029|0.971,15=>1.0,12=>1.0,15|16=>0.97|0.03,9=>1.0,18=>1.0,15=>1.0,16=>1.0,26=>1.0,63=>1.0,54=>1.0,83=>1.0,17=>1.0,33=>1.0,53=>1.0,16=>1.0,36=>1.0,54|59=>0.039|0.961,17=>1.0,82|86|87=>0.038|0.957|0.005,64|69=>0.96|0.04,31|33|38=>0.001|0.997|0.001,62|66=>0.998|0.002,82|86=>0.997|0.003,77|87=>0.003|0.997,52|56=>0.98|0.02,12|16|52=>0.979|0.02|0.001,62|66=>0.014|0.986,14|19=>0.039|0.961,12|16=>0.998|0.002,62|66=>0.037|0.963,54|59=>0.039|0.961,64|69=>0.999|0.001,24|29=>0.016|0.984,22|26=>0.039|0.961,81|83|88=>0.001|0.999|0.001,64|69=>0.039|0.961
A_0007,A,6.67,15=>1.0,13=>1.0,19=>1.0,14|15=>0.029|0.971,15=>1.0,12=>1.0,15|16=>0.97|0.03,9=>1.0,18=>1.0,15=>1.0,16=>1.0,26=>1.0,63=>1.0,54=>1.0,83=>1.0,17=>1.0,33=>1.0,53=>1.0,16=>1.0,36=>1.0,54|59=>0.039|0.961,17=>1.0,82|86|87=>0.038|0.957|0.005,64|69=>0.96|0.04,31|33|38=>0.001|0.997|0.001,62|66=>0.998|0.002,82|86=>0.997|0.003,77|87=>0.003|0.997,52|56=>0.98|0.02,12|16|52=>0.979|0.02|0.001,62|66=>0.014|0.986,14|19=>0.039|0.961,12|16=>0.998|0.002,62|66=>0.037|0.963,54|59=>0.039|0.961,64|69=>0.999|0.001,24|29=>0.016|0.984,22|26=>0.039|0.961,81|83|88=>0.001|0.999|0.001,64|69=>0.039|0.961
A_0015,A,6.67,15=>1.0,13=>1.0,19=>1.0,14|15=>0.029|0.971,15=>1.0,12=>1.0,15|16=>0.97|0.03,9=>1.0,18=>1.0,15=>1.0,16=>1.0,26=>1.0,63=>1.0,54=>1.0,83=>1.0,17=>1.0,33=>1.0,53=>1.0,16=>1.0,36=>1.0,54|59=>0.039|0.961,17=>1.0,82|86|87=>0.038|0.957|0.005,64|69=>0.96|0.04,31|33|38=>0.001|0.997|0.001,62|66=>0.998|0.002,82|86=>0.997|0.003,77|87=>0.003|0.997,52|56=>0.98|0.02,12|16|52=>0.979|0.02|0.001,62|66=>0.014|0.986,14|19=>0.039|0.961,12|16=>0.998|0.002,62|66=>0.037|0.963,54|59=>0.039|0.961,64|69=>0.999|0.001,24|29=>0.016|0.984,22|26=>0.039|0.961,81|83|88=>0.001|0.999|0.001,64|69=>0.039|0.961
A_0006,A,6.67,15=>1.0,13=>1.0,19=>1.0,14|15=>0.029|0.971,15=>1.0,12=>1.0,15|16=>0.97|0.03,9=>1.0,18=>1.0,15=>1.0,16=>1.0,26=>1.0,63=>1.0,54=>1.0,83=>1.0,17=>1.0,33=>1.0,53=>1.0,16=>1.0,36=>1.0,54|59=>0.039|0.961,17=>1.0,82|86|87=>0.038|0.957|0.005,64|69=>0.96|0.04,31|33|38=>0.001|0.997|0.001,62|66=>0.998|0.002,82|86=>0.997|0.003,77|87=>0.003|0.997,52|56=>0.98|0.02,12|16|52=>0.979|0.02|0.001,62|66=>0.014|0.986,14|19=>0.039|0.961,12|16=>0.998|0.002,62|66=>0.037|0.963,54|59=>0.039|0.961,64|69=>0.999|0.001,24|29=>0.016|0.984,22|26=>0.039|0.961,81|83|88=>0.001|0.999|0.001,64|69=>0.039|0.961
A_0004,A,6.67,15=>1.0,13=>1.0,19=>1.0,14|15=>0.029|0.971,15=>1.0,12=>1.0,15|16=>0.97|0.03,9=>1.0,18=>1.0,15=>1.0,16=>1.0,26=>1.0,63=>1.0,54=>1.0,83=>1.0,17=>1.0,33=>1.0,53=>1.0,16=>1.0,36=>1.0,54|59=>0.039|0.961,17=>1.0,82|86|87=>0.038|0.957|0.005,64|69=>0.96|0.04,31|33|38=>0.001|0.997|0.001,62|66=>0.998|0.002,82|86=>0.997|0.003,77|87=>0.003|0.997,52|56=>0.98|0.02,12|16|52=>0.979|0.02|0.001,62|66=>0.014|0.986,14|19=>0.039|0.961,12|16=>0.998|0.002,62|66=>0.037|0.963,54|59=>0.039|0.961,64|69=>0.999|0.001,24|29=>0.016|0.984,22|26=>0.039|0.961,81|83|88=>0.001|0.999|0.001,64|69=>0.039|0.961
A_0019,A,10.85,15=>1.0,13=>1.0,16=>1.0,14=>1.0,15=>1.0,12=>1.0,16=>1.0,9=>1.0,18=>1.0,15=>1.0,16=>1.0,23|26=>0.001|0.999,62=>1.0,54|57=>0.998|0.002,63=>1.0,14|17=>0.001|0.999,33=>1.0,53|56=>0.998|0.002,13|16=>0.002|0.998,36=>1.0,59=>1.0,17=>1.0,86|87=>0.315|0.685,64=>1.0,33=>1.0,62=>1.0,62=>1.0,87=>1.0,52=>1.0,12=>1.0,66=>1.0,19=>1.0,17=>0.999,66=>1.0,29|59=>0.003|0.997,64=>1.0,29=>1.0,36|66=>0.998|0.002,83=>1.0,69=>1.0
A_0016,A,10.85,15=>1.0,13=>1.0,16=>1.0,14=>1.0,15=>1.0,12=>1.0,16=>1.0,9=>1.0,18=>1.0,15=>1.0,16=>1.0,23|26=>0.001|0.999,62=>1.0,54|57=>0.998|0.002,63=>1.0,14|17=>0.001|0.999,33=>1.0,53|56=>0.998|0.002,13|16=>0.002|0.998,36=>1.0,59=>1.0,17=>1.0,86|87=>0.315|0.685,64=>1.0,33=>1.0,62=>1.0,62=>1.0,87=>1.0,52=>1.0,12=>1.0,66=>1.0,19=>1.0,17=>0.999,66=>1.0,29|59=>0.003|0.997,64=>1.0,29=>1.0,36|66=>0.998|0.002,83=>1.0,69=>1.0
A_0003,A,10.85,15=>1.0,13=>1.0,16=>1.0,14=>1.0,15=>1.0,12=>1.0,16=>1.0,9=>1.0,18=>1.0,15=>1.0,16=>1.0,23|26=>0.001|0.999,62=>1.0,54|57=>0.998|0.002,63=>1.0,14|17=>0.001|0.999,33=>1.0,53|56=>0.998|0.002,13|16=>0.002|0.998,36=>1.0,59=>1.0,17=>1.0,86|87=>0.315|0.685,64=>1.0,33=>1.0,62=>1.0,62=>1.0,87=>1.0,52=>1.0,12=>1.0,66=>1.0,19=>1.0,17=>0.999,66=>1.0,29|59=>0.003|0.997,64=>1.0,29=>1.0,36|66=>0.998|0.002,83=>1.0,69=>1.0
A_0018,A,10.85,15=>1.0,13=>1.0,16=>1.0,14=>1.0,15=>1.0,12=>1.0,16=>1.0,9=>1.0,18=>1.0,15=>1.0,16=>1.0,23|26=>0.001|0.999,62=>1.0,54|57=>0.998|0.002,63=>1.0,14|17=>0.001|0.999,33=>1.0,53|56=>0.998|0.002,13|16=>0.002|0.998,36=>1.0,59=>1.0,17=>1.0,86|87=>0.315|0.685,64=>1.0,33=>1.0,62=>1.0,62=>1.0,87=>1.0,52=>1.0,12=>1.0,66=>1.0,19=>1.0,17=>0.999,66=>1.0,29|59=>0.003|0.997,64=>1.0,29=>1.0,36|66=>0.998|0.002,83=>1.0,69=>1.0
A_0021,A,10.85,15=>1.0,13=>1.0,16=>1.0,14=>1.0,15=>1.0,12=>1.0,16=>1.0,9=>1.0,18=>1.0,15=>1.0,16=>1.0,23|26=>0.001|0.999,62=>1.0,54|57=>0.998|0.002,63=>1.0,14|17=>0.001|0.999,33=>1.0,53|56=>0.998|0.002,13|16=>0.002|0.998,36=>1.0,59=>1.0,17=>1.0,86|87=>0.315|0.685,64=>1.0,33=>1.0,62=>1.0,62=>1.0,87=>1.0,52=>1.0,12=>1.0,66=>1.0,19=>1.0,17=>0.999,66=>1.0,29|59=>0.003|0.997,64=>1.0,29=>1.0,36|66=>0.998|0.002,83=>1.0,69=>1.0
A_0020,A,10.85,15=>1.0,13=>1.0,16=>1.0,14=>1.0,15=>1.0,12=>1.0,16=>1.0,9=>1.0,18=>1.0,15=>1.0,16=>1.0,23|26=>0.001|0.999,62=>1.0,54|57=>0.998|0.002,63=>1.0,14|17=>0.001|0.999,33=>1.0,53|56=>0.998|0.002,13|16=>0.002|0.998,36=>1.0,59=>1.0,17=>1.0,86|87=>0.315|0.685,64=>1.0,33=>1.0,62=>1.0,62=>1.0,87=>1.0,52=>1.0,12=>1.0,66=>1.0,19=>1.0,17=>0.999,66=>1.0,29|59=>0.003|0.997,64=>1.0,29=>1.0,36|66=>0.998|0.002,83=>1.0,69=>1.0
A_0017,A,10.85,15=>1.0,13=>1.0,16=>1.0,14=>1.0,15=>1.0,12=>1.0,16=>1.0,9=>1.0,18=>1.0,15=>1.0,16=>1.0,23|26=>0.001|0.999,62=>1.0,54|57=>0.998|0.002,63=>1.0,14|17=>0.001|0.999,33=>1.0,53|56=>0.998|0.002,13|16=>0.002|0.998,36=>1.0,59=>1.0,17=>1.0,86|87=>0.315|0.685,64=>1.0,33=>1.0,62=>1.0,62=>1.0,87=>1.0,52=>1.0,12=>1.0,66=>1.0,19=>1.0,17=>0.999,66=>1.0,29|59=>0.003|0.997,64=>1.0,29=>1.0,36|66=>0.998|0.002,83=>1.0,69=>1.0
A_0024,A,15.1,13|14|15=>0.001|0.001|0.998,13|15=>0.998|0.002,16|19=>0.998|0.001,14|15=>0.998|0.002,13|15|16|19=>0.001|0.993|0.004|0.001,12|13|15=>0.998|0.001|0.001,15|16=>0.002|0.998,6|9|10=>0.001|0.998|0.001,15|18|19=>0.001|0.998|0.001,13|15|18=>0.001|0.997|0.002,16|36=>0.999|0.001,26=>0.999,12|62|82=>0.001|0.998|0.001,54|64=>0.999|0.001,63|83=>0.999|0.001,17|27=>0.999|0.001,13|33=>0.001|0.999,53|63=>0.999|0.001,13|17|27|66=>0.001|0.997|0.001|0.001,56|66|96=>0.001|0.998|0.001,59|89=>0.999|0.001,17=>0.999,87=>0.999,54|64=>0.001|0.999,33=>0.999,12|62|63|82=>0.001|0.997|0.001|0.001,62|63|82=>0.998|0.001|0.001,57|87=>0.001|0.999,52|82=>0.999|0.001,12|32=>0.999|0.001,66=>1.0,19=>1.0,12|13|17=>0.992|0.001|0.007,66=>1.0,29|56|59|69=>0.002|0.001|0.996|0.001,64=>1.0,29=>0.999,35|36=>0.001|0.998,33=>1.0,69=>1.0
A_0025,A,15.1,13|14|15=>0.001|0.001|0.998,13|15=>0.998|0.002,16|19=>0.998|0.001,14|15=>0.998|0.002,13|15|16|19=>0.001|0.993|0.004|0.001,12|13|15=>0.998|0.001|0.001,15|16=>0.002|0.998,6|9|10=>0.001|0.998|0.001,15|18|19=>0.001|0.998|0.001,13|15|18=>0.001|0.997|0.002,16|36=>0.999|0.001,26=>0.999,12|62|82=>0.001|0.998|0.001,54|64=>0.999|0.001,63|83=>0.999|0.001,17|27=>0.999|0.001,13|33=>0.001|0.999,53|63=>0.999|0.001,13|17|27|66=>0.001|0.997|0.001|0.001,56|66|96=>0.001|0.998|0.001,59|89=>0.999|0.001,17=>0.999,87=>0.999,54|64=>0.001|0.999,33=>0.999,12|62|63|82=>0.001|0.997|0.001|0.001,62|63|82=>0.998|0.001|0.001,57|87=>0.001|0.999,52|82=>0.999|0.001,12|32=>0.999|0.001,66=>1.0,19=>1.0,12|13|17=>0.992|0.001|0.007,66=>1.0,29|56|59|69=>0.002|0.001|0.996|0.001,64=>1.0,29=>0.999,35|36=>0.001|0.998,33=>1.0,69=>1.0
A_0027,A,17.27,15=>1.0,13=>1.0,16=>1.0,14=>1.0,15|16|29=>0.983|0.006|0.011,12=>1.0,16=>1.0,9|18=>0.999|0.001,18=>1.0,15=>1.0,16=>1.0,26=>1.0,62=>1.0,54=>1.0,63=>1.0,17=>1.0,33|83=>0.999|0.001,53=>1.0,17|67=>0.999|0.001,66=>1.0,59=>1.0,17=>1.0,87=>0.999,64=>1.0,33=>1.0,62=>1.0,62=>1.0,87=>1.0,52=>1.0,12=>1.0,66=>1.0,19=>1.0,12=>1.0,66=>1.0,59=>1.0,64=>1.0,29=>1.0,32=>1.0,33=>1.0,69=>1.0
A_0029,A,17.27,15=>1.0,13=>1.0,16=>1.0,14=>1.0,15|16|29=>0.983|0.006|0.011,12=>1.0,16=>1.0,9|18=>0.999|0.001,18=>1.0,15=>1.0,16=>1.0,26=>1.0,62=>1.0,54=>1.0,63=>1.0,17=>1.0,33|83=>0.999|0.001,53=>1.0,17|67=>0.999|0.001,66=>1.0,59=>1.0,17=>1.0,87=>0.999,64=>1.0,33=>1.0,62=>1.0,62=>1.0,87=>1.0,52=>1.0,12=>1.0,66=>1.0,19=>1.0,12=>1.0,66=>1.0,59=>1.0,64=>1.0,29=>1.0,32=>1.0,33=>1.0,69=>1.0
A_0023,A,17.27,15=>1.0,13=>1.0,16=>1.0,14=>1.0,15|16|29=>0.983|0.006|0.011,12=>1.0,16=>1.0,9|18=>0.999|0.001,18=>1.0,15=>1.0,16=>1.0,26=>1.0,62=>1.0,54=>1.0,63=>1.0,17=>1.0,33|83=>0.999|0.001,53=>1.0,17|67=>0.999|0.001,66=>1.0,59=>1.0,17=>1.0,87=>0.999,64=>1.0,33=>1.0,62=>1.0,62=>1.0,87=>1.0,52=>1.0,12=>1.0,66=>1.0,19=>1.0,12=>1.0,66=>1.0,59=>1.0,64=>1.0,29=>1.0,32=>1.0,33=>1.0,69=>1.0
A_0028,A,17.27,15=>1.0,13=>1.0,16=>1.0,14=>1.0,15|16|29=>0.983|0.006|0.011,12=>1.0,16=>1.0,9|18=>0.999|0.001,18=>1.0,15=>1.0,16=>1.0,26=>1.0,62=>1.0,54=>1.0,63=>1.0,17=>1.0,33|83=>0.999|0.001,53=>1.0,17|67=>0.999|0.001,66=>1.0,59=>1.0,17=>1.0,87=>0.999,64=>1.0,33=>1.0,62=>1.0,62=>1.0,87=>1.0,52=>1.0,12=>1.0,66=>1.0,19=>1.0,12=>1.0,66=>1.0,59=>1.0,64=>1.0,29=>1.0,32=>1.0,33=>1.0,69=>1.0
A_0022,A,17.93,15=>0.999,13=>0.999,16=>1.0,14=>1.0,7|13|15|16|19|29=>0.003|0.002|0.906|0.076|0.002|0.01,12=>1.0,16=>0.999,9|18=>0.999|0.001,18=>1.0,15=>0.999,16=>1.0,26=>1.0,62=>1.0,24|54=>0.27|0.729,63=>1.0,17=>1.0,33=>0.999,53=>1.0,17|67=>0.999|0.001,66=>1.0,59=>1.0,17=>1.0,87=>1.0,64=>1.0,33=>1.0,62=>1.0,62=>1.0,87=>1.0,52=>1.0,12=>1.0,66=>1.0,19|29=>0.945|0.055,12|17=>0.997|0.003,66=>1.0,59=>1.0,64=>1.0,29=>1.0,32=>1.0,33=>1.0,66|69=>0.27|0.729
A_0030,A,19.71,15=>1.0,13=>1.0,16=>1.0,14=>1.0,15|16=>0.716|0.283,12=>1.0,16=>1.0,9=>1.0,18=>1.0,15=>1.0,16=>1.0,26=>1.0,62=>1.0,24=>1.0,63=>1.0,17=>1.0,33=>1.0,53=>1.0,17=>1.0,66=>1.0,59=>1.0,17=>1.0,87=>1.0,64=>1.0,33=>1.0,62=>1.0,62=>1.0,87=>1.0,52=>1.0,12=>1.0,66=>1.0,19|29=>0.798|0.202,17=>1.0,66=>1.0,59=>1.0,64=>1.0,29=>1.0,32=>1.0,33=>1.0,66=>1.0
A_0034,A,19.71,15=>1.0,13=>1.0,16=>1.0,14=>1.0,15|16=>0.716|0.283,12=>1.0,16=>1.0,9=>1.0,18=>1.0,15=>1.0,16=>1.0,26=>1.0,62=>1.0,24=>1.0,63=>1.0,17=>1.0,33=>1.0,53=>1.0,17=>1.0,66=>1.0,59=>1.0,17=>1.0,87=>1.0,64=>1.0,33=>1.0,62=>1.0,62=>1.0,87=>1.0,52=>1.0,12=>1.0,66=>1.0,19|29=>0.798|0.202,17=>1.0,66=>1.0,59=>1.0,64=>1.0,29=>1.0,32=>1.0,33=>1.0,66=>1.0
A_0026,A,19.71,15=>1.0,13=>1.0,16=>1.0,14=>1.0,15|16=>0.716|0.283,12=>1.0,16=>1.0,9=>1.0,18=>1.0,15=>1.0,16=>1.0,26=>1.0,62=>1.0,24=>1.0,63=>1.0,17=>1.0,33=>1.0,53=>1.0,17=>1.0,66=>1.0,59=>1.0,17=>1.0,87=>1.0,64=>1.0,33=>1.0,62=>1.0,62=>1.0,87=>1.0,52=>1.0,12=>1.0,66=>1.0,19|29=>0.798|0.202,17=>1.0,66=>1.0,59=>1.0,64=>1.0,29=>1.0,32=>1.0,33=>1.0,66=>1.0
A_0032,A,19.71,15=>1.0,13=>1.0,16=>1.0,14=>1.0,15|16=>0.716|0.283,12=>1.0,16=>1.0,9=>1.0,18=>1.0,15=>1.0,16=>1.0,26=>1.0,62=>1.0,24=>1.0,63=>1.0,17=>1.0,33=>1.0,53=>1.0,17=>1.0,66=>1.0,59=>1.0,17=>1.0,87=>1.0,64=>1.0,33=>1.0,62=>1.0,62=>1.0,87=>1.0,52=>1.0,12=>1.0,66=>1.0,19|29=>0.798|0.202,17=>1.0,66=>1.0,59=>1.0,64=>1.0,29=>1.0,32=>1.0,33=>1.0,66=>1.0
A_0031,A,19.71,15=>1.0,13=>1.0,16=>1.0,14=>1.0,15|16=>0.716|0.283,12=>1.0,16=>1.0,9=>1.0,18=>1.0,15=>1.0,16=>1.0,26=>1.0,62=>1.0,24=>1.0,63=>1.0,17=>1.0,33=>1.0,53=>1.0,17=>1.0,66=>1.0,59=>1.0,17=>1.0,87=>1.0,64=>1.0,33=>1.0,62=>1.0,62=>1.0,87=>1.0,52=>1.0,12=>1.0,66=>1.0,19|29=>0.798|0.202,17=>1.0,66=>1.0,59=>1.0,64=>1.0,29=>1.0,32=>1.0,33=>1.0,66=>1.0
A_0035,A,19.71,15=>1.0,13=>1.0,16=>1.0,14=>1.0,15|16=>0.716|0.283,12=>1.0,16=>1.0,9=>1.0,18=>1.0,15=>1.0,16=>1.0,26=>1.0,62=>1.0,24=>1.0,63=>1.0,17=>1.0,33=>1.0,53=>1.0,17=>1.0,66=>1.0,59=>1.0,17=>1.0,87=>1.0,64=>1.0,33=>1.0,62=>1.0,62=>1.0,87=>1.0,52=>1.0,12=>1.0,66=>1.0,19|29=>0.798|0.202,17=>1.0,66=>1.0,59=>1.0,64=>1.0,29=>1.0,32=>1.0,33=>1.0,66=>1.0
A_0033,A,19.71,15=>1.0,13=>1.0,16=>1.0,14=>1.0,15|16=>0.716|0.283,12=>1.0,16=>1.0,9=>1.0,18=>1.0,15=>1.0,16=>1.0,26=>1.0,62=>1.0,24=>1.0,63=>1.0,17=>1.0,33=>1.0,53=>1.0,17=>1.0,66=>1.0,59=>1.0,17=>1.0,87=>1.0,64=>1.0,33=>1.0,62=>1.0,62=>1.0,87=>1.0,52=>1.0,12=>1.0,66=>1.0,19|29=>0.798|0.202,17=>1.0,66=>1.0,59=>1.0,64=>1.0,29=>1.0,32=>1.0,33=>1.0,66=>1.0
A_0036,A,19.71,15=>1.0,13=>1.0,16=>1.0,14=>1.0,15|16=>0.716|0.283,12=>1.0,16=>1.0,9=>1.0,18=>1.0,15=>1.0,16=>1.0,26=>1.0,62=>1.0,24=>1.0,63=>1.0,17=>1.0,33=>1.0,53=>1.0,17=>1.0,66=>1.0,59=>1.0,17=>1.0,87=>1.0,64=>1.0,33=>1.0,62=>1.0,62=>1.0,87=>1.0,52=>1.0,12=>1.0,66=>1.0,19|29=>0.798|0.202,17=>1.0,66=>1.0,59=>1.0,64=>1.0,29=>1.0,32=>1.0,33=>1.0,66=>1.0
A_0037,A,19.71,15=>1.0,13=>1.0,16=>1.0,14=>1.0,15|16=>0.716|0.283,12=>1.0,16=>1.0,9=>1.0,18=>1.0,15=>1.0,16=>1.0,26=>1.0,62=>1.0,24=>1.0,63=>1.0,17=>1.0,33=>1.0,53=>1.0,17=>1.0,66=>1.0,59=>1.0,17=>1.0,87=>1.0,64=>1.0,33=>1.0,62=>1.0,62=>1.0,87=>1.0,52=>1.0,12=>1.0,66=>1.0,19|29=>0.798|0.202,17=>1.0,66=>1.0,59=>1.0,64=>1.0,29=>1.0,32=>1.0,33=>1.0,66=>1.0
A_0038,A,27.46,13|15=>0.355|0.645,13|15=>1.0|0.001,7=>0.999,12|14=>0.004|0.996,13|15|16|19=>0.001|0.944|0.015|0.04,22|24=>0.001|0.998,16=>1.0,9=>1.0,15|18=>0.001|0.999,15|18=>0.999|0.001,19=>1.0,26=>1.0,62|82=>0.056|0.943,23=>1.0,62|63=>0.89|0.11,17=>0.999,39=>1.0,53=>1.0,17=>1.0,66=>1.0,59=>1.0,17=>1.0,87=>1.0,62=>1.0,33=>1.0,62=>1.0,62=>0.999,87=>1.0,12=>1.0,12=>1.0,66=>1.0,19|29=>0.045|0.955,17=>1.0,66=>1.0,56=>1.0,64|84=>0.056|0.944,29=>1.0,62|64=>0.999|0.001,33=>1.0,66=>1.0
A_0039,A,27.46,13|15=>0.355|0.645,13|15=>1.0|0.001,7=>0.999,12|14=>0.004|0.996,13|15|16|19=>0.001|0.944|0.015|0.04,22|24=>0.001|0.998,16=>1.0,9=>1.0,15|18=>0.001|0.999,15|18=>0.999|0.001,19=>1.0,26=>1.0,62|82=>0.056|0.943,23=>1.0,62|63=>0.89|0.11,17=>0.999,39=>1.0,53=>1.0,17=>1.0,66=>1.0,59=>1.0,17=>1.0,87=>1.0,62=>1.0,33=>1.0,62=>1.0,62=>0.999,87=>1.0,12=>1.0,12=>1.0,66=>1.0,19|29=>0.045|0.955,17=>1.0,66=>1.0,56=>1.0,64|84=>0.056|0.944,29=>1.0,62|64=>0.999|0.001,33=>1.0,66=>1.0
A_0055,A,27.46,13|15=>0.355|0.645,13|15=>1.0|0.001,7=>0.999,12|14=>0.004|0.996,13|15|16|19=>0.001|0.944|0.015|0.04,22|24=>0.001|0.998,16=>1.0,9=>1.0,15|18=>0.001|0.999,15|18=>0.999|0.001,19=>1.0,26=>1.0,62|82=>0.056|0.943,23=>1.0,62|63=>0.89|0.11,17=>0.999,39=>1.0,53=>1.0,17=>1.0,66=>1.0,59=>1.0,17=>1.0,87=>1.0,62=>1.0,33=>1.0,62=>1.0,62=>0.999,87=>1.0,12=>1.0,12=>1.0,66=>1.0,19|29=>0.045|0.955,17=>1.0,66=>1.0,56=>1.0,64|84=>0.056|0.944,29=>1.0,62|64=>0.999|0.001,33=>1.0,66=>1.0
A_0042,A,27.46,13|15=>0.355|0.645,13|15=>1.0|0.001,7=>0.999,12|14=>0.004|0.996,13|15|16|19=>0.001|0.944|0.015|0.04,22|24=>0.001|0.998,16=>1.0,9=>1.0,15|18=>0.001|0.999,15|18=>0.999|0.001,19=>1.0,26=>1.0,62|82=>0.056|0.943,23=>1.0,62|63=>0.89|0.11,17=>0.999,39=>1.0,53=>1.0,17=>1.0,66=>1.0,59=>1.0,17=>1.0,87=>1.0,62=>1.0,33=>1.0,62=>1.0,62=>0.999,87=>1.0,12=>1.0,12=>1.0,66=>1.0,19|29=>0.045|0.955,17=>1.0,66=>1.0,56=>1.0,64|84=>0.056|0.944,29=>1.0,62|64=>0.999|0.001,33=>1.0,66=>1.0
A_0046,A,27.92,13|15=>0.374|0.626,13=>1.0,7=>1.0,15=>1.0,15|19=>0.959|0.041,24=>1.0,16=>1.0,6|9=>0.001|0.999,28=>1.0,15=>1.0,19=>1.0,26=>1.0,22|82=>0.001|0.999,23=>1.0,62|63=>0.943|0.057,17=>1.0,39=>1.0,53|56=>0.981|0.02,17=>1.0,66=>1.0,59=>1.0,17=>1.0,87=>1.0,62=>1.0,33=>1.0,62=>1.0,62=>1.0,87=>1.0,12=>1.0,12=>1.0,66=>1.0,29=>1.0,17=>1.0,66=>1.0,56=>1.0,84=>1.0,89=>1.0,62=>1.0,33=>1.0,66=>1.0
A_0061,A,27.92,13|15=>0.374|0.626,13=>1.0,7=>1.0,15=>1.0,15|19=>0.959|0.041,24=>1.0,16=>1.0,6|9=>0.001|0.999,28=>1.0,15=>1.0,19=>1.0,26=>1.0,22|82=>0.001|0.999,23=>1.0,62|63=>0.943|0.057,17=>1.0,39=>1.0,53|56=>0.981|0.02,17=>1.0,66=>1.0,59=>1.0,17=>1.0,87=>1.0,62=>1.0,33=>1.0,62=>1.0,62=>1.0,87=>1.0,12=>1.0,12=>1.0,66=>1.0,29=>1.0,17=>1.0,66=>1.0,56=>1.0,84=>1.0,89=>1.0,62=>1.0,33=>1.0,66=>1.0
A_0044,A,27.92,13|15=>0.374|0.626,13=>1.0,7=>1.0,15=>1.0,15|19=>0.959|0.041,24=>1.0,16=>1.0,6|9=>0.001|0.999,28=>1.0,15=>1.0,19=>1.0,26=>1.0,22|82=>0.001|0.999,23=>1.0,62|63=>0.943|0.057,17=>1.0,39=>1.0,53|56=>0.981|0.02,17=>1.0,66=>1.0,59=>1.0,17=>1.0,87=>1.0,62=>1.0,33=>1.0,62=>1.0,62=>1.0,87=>1.0,12=>1.0,12=>1.0,66=>1.0,29=>1.0,17=>1.0,66=>1.0,56=>1.0,84=>1.0,89=>1.0,62=>1.0,33=>1.0,66=>1.0
A_0043,A,28.19,13=>1.0,13=>1.0,7=>1.0,15=>1.0,15=>1.0,24=>1.0,16=>1.0,9=>1.0,28=>1.0,15=>1.0,19=>1.0,26=>1.0,82=>1.0,23=>1.0,62=>1.0,17=>1.0,39=>1.0,53|56=>0.316|0.684,17=>1.0,66=>1.0,59=>1.0,17=>1.0,87=>1.0,62=>1.0,33=>1.0,62=>1.0,62=>1.0,87=>1.0,12=>1.0,12=>1.0,66=>1.0,29=>1.0,17=>1.0,66=>1.0,56=>1.0,84=>1.0,89=>1.0,62=>1.0,33=>1.0,66=>1.0
A_0045,A,28.19,13=>1.0,13=>1.0,7=>1.0,15=>1.0,15=>1.0,24=>1.0,16=>1.0,9=>1.0,28=>1.0,15=>1.0,19=>1.0,26=>1.0,82=>1.0,23=>1.0,62=>1.0,17=>1.0,39=>1.0,53|56=>0.316|0.684,17=>1.0,66=>1.0,59=>1.0,17=>1.0,87=>1.0,62=>1.0,33=>1.0,62=>1.0,62=>1.0,87=>1.0,12=>1.0,12=>1.0,66=>1.0,29=>1.0,17=>1.0,66=>1.0,56=>1.0,84=>1.0,89=>1.0,62=>1.0,33=>1.0,66=>1.0
A_0041,A,28.19,13=>1.0,13=>1.0,7=>1.0,15=>1.0,15=>1.0,24=>1.0,16=>1.0,9=>1.0,28=>1.0,15=>1.0,19=>1.0,26=>1.0,82=>1.0,23=>1.0,62=>1.0,17=>1.0,39=>1.0,53|56=>0.316|0.684,17=>1.0,66=>1.0,59=>1.0,17=>1.0,87=>1.0,62=>1.0,33=>1.0,62=>1.0,62=>1.0,87=>1.0,12=>1.0,12=>1.0,66=>1.0,29=>1.0,17=>1.0,66=>1.0,56=>1.0,84=>1.0,89=>1.0,62=>1.0,33=>1.0,66=>1.0
A_0048,A,28.19,13=>1.0,13=>1.0,7=>1.0,15=>1.0,15=>1.0,24=>1.0,16=>1.0,9=>1.0,28=>1.0,15=>1.0,19=>1.0,26=>1.0,82=>1.0,23=>1.0,62=>1.0,17=>1.0,39=>1.0,53|56=>0.316|0.684,17=>1.0,66=>1.0,59=>1.0,17=>1.0,87=>1.0,62=>1.0,33=>1.0,62=>1.0,62=>1.0,87=>1.0,12=>1.0,12=>1.0,66=>1.0,29=>1.0,17=>1.0,66=>1.0,56=>1.0,84=>1.0,89=>1.0,62=>1.0,33=>1.0,66=>1.0
A_0051,A,28.19,13=>1.0,13=>1.0,7=>1.0,15=>1.0,15=>1.0,24=>1.0,16=>1.0,9=>1.0,28=>1.0,15=>1.0,19=>1.0,26=>1.0,82=>1.0,23=>1.0,62=>1.0,17=>1.0,39=>1.0,53|56=>0.316|0.684,17=>1.0,66=>1.0,59=>1.0,17=>1.0,87=>1.0,62=>1.0,33=>1.0,62=>1.0,62=>1.0,87=>1.0,12=>1.0,12=>1.0,66=>1.0,29=>1.0,17=>1.0,66=>1.0,56=>1.0,84=>1.0,89=>1.0,62=>1.0,33=>1.0,66=>1.0
A_0049,A,28.19,13=>1.0,13=>1.0,7=>1.0,15=>1.0,15=>1.0,24=>1.0,16=>1.0,9=>1.0,28=>1.0,15=>1.0,19=>1.0,26=>1.0,82=>1.0,23=>1.0,62=>1.0,17=>1.0,39=>1.0,53|56=>0.316|0.684,17=>1.0,66=>1.0,59=>1.0,17=>1.0,87=>1.0,62=>1.0,33=>1.0,62=>1.0,62=>1.0,87=>1.0,12=>1.0,12=>1.0,66=>1.0,29=>1.0,17=>1.0,66=>1.0,56=>1.0,84=>1.0,89=>1.0,62=>1.0,33=>1.0,66=>1.0
A_0050,A,28.19,13=>1.0,13=>1.0,7=>1.0,15=>1.0,15=>1.0,24=>1.0,16=>1.0,9=>1.0,28=>1.0,15=>1.0,19=>1.0,26=>1.0,82=>1.0,23=>1.0,62=>1.0,17=>1.0,39=>1.0,53|56=>0.316|0.684,17=>1.0,66=>1.0,59=>1.0,17=>1.0,87=>1.0,62=>1.0,33=>1.0,62=>1.0,62=>1.0,87=>1.0,12=>1.0,12=>1.0,66=>1.0,29=>1.0,17=>1.0,66=>1.0,56=>1.0,84=>1.0,89=>1.0,62=>1.0,33=>1.0,66=>1.0
A_0047,A,28.19,13=>1.0,13=>1.0,7=>1.0,15=>1.0,15=>1.0,24=>1.0,16=>1.0,9=>1.0,28=>1.0,15=>1.0,19=>1.0,26=>1.0,82=>1.0,23=>1.0,62=>1.0,17=>1.0,39=>1.0,53|56=>0.316|0.684,17=>1.0,66=>1.0,59=>1.0,17=>1.0,87=>1.0,62=>1.0,33=>1.0,62=>1.0,62=>1.0,87=>1.0,12=>1.0,12=>1.0,66=>1.0,29=>1.0,17=>1.0,66=>1.0,56=>1.0,84=>1.0,89=>1.0,62=>1.0,33=>1.0,66=>1.0
A_0056,A,28.19,13=>1.0,13=>1.0,7=>1.0,15=>1.0,15=>1.0,24=>1.0,16=>1.0,9=>1.0,28=>1.0,15=>1.0,19=>1.0,26=>1.0,82=>1.0,23=>1.0,62=>1.0,17=>1.0,39=>1.0,53|56=>0.316|0.684,17=>1.0,66=>1.0,59=>1.0,17=>1.0,87=>1.0,62=>1.0,33=>1.0,62=>1.0,62=>1.0,87=>1.0,12=>1.0,12=>1.0,66=>1.0,29=>1.0,17=>1.0,66=>1.0,56=>1.0,84=>1.0,89=>1.0,62=>1.0,33=>1.0,66=>1.0
A_0052,A,32.62,7|13=>0.756|0.243,13=>1.0,7|9|16=>0.998|0.001|0.001,9|14|15|16|25=>0.005|0.001|0.988|0.001|0.004,15=>0.999,14|24|25=>0.001|0.999|0.001,10|15|16|26=>0.001|0.001|0.997|0.001,9|10|15=>0.999|0.001|0.001,15|24|25|26|28=>0.001|0.001|0.987|0.001|0.01,15|28|29=>0.01|0.001|0.989,19|39|59|89=>0.254|0.74|0.004|0.001,26=>0.999,22|72|82=>0.087|0.001|0.912,23|24|26|33|53=>0.995|0.001|0.001|0.001|0.003,62=>1.0,17=>0.999,39=>1.0,23|53|54|56=>0.002|0.829|0.001|0.167,14|16|17=>0.001|0.001|0.999,36|56|66=>0.001|0.001|0.999,59=>1.0,17=>0.999,87=>1.0,32|52|62=>0.001|0.001|0.999,33=>0.999,62|63|67=>0.999|0.001|0.001,62|63|67=>0.999|0.001|0.001,37|86|87=>0.989|0.001|0.01,12|32|52=>0.01|0.974|0.015,12=>0.999,66=>1.0,29=>1.0,12|17|19=>0.001|0.998|0.001,66=>1.0,26|52|56|59|66=>0.001|0.001|0.998|0.001|0.001,84=>1.0,89=>0.999,32|52|62=>0.001|0.001|0.999,33=>1.0,66=>1.0
A_0053,A,34.05,7=>1.0,13=>1.0,7=>1.0,9|15|25=>0.006|0.99|0.005,15=>1.0,24=>1.0,16=>1.0,9=>1.0,25=>1.0,29=>1.0,19|39|59=>0.014|0.981|0.005,26=>1.0,22=>1.0,23|53=>0.997|0.003,62=>1.0,17=>1.0,39=>1.0,23|53=>0.003|0.997,17=>1.0,66=>1.0,59=>1.0,17=>1.0,87=>0.999,62=>1.0,33=>0.999,62=>1.0,62=>1.0,36|37=>0.001|0.999,32|52=>0.985|0.015,12|52=>0.999|0.001,66=>1.0,29=>1.0,17=>1.0,66=>1.0,56=>1.0,84=>1.0,89=>1.0,62=>1.0,33=>1.0,66|86=>0.996|0.004
A_0059,A,34.05,7=>1.0,13=>1.0,7=>1.0,9|15|25=>0.006|0.99|0.005,15=>1.0,24=>1.0,16=>1.0,9=>1.0,25=>1.0,29=>1.0,19|39|59=>0.014|0.981|0.005,26=>1.0,22=>1.0,23|53=>0.997|0.003,62=>1.0,17=>1.0,39=>1.0,23|53=>0.003|0.997,17=>1.0,66=>1.0,59=>1.0,17=>1.0,87=>0.999,62=>1.0,33=>0.999,62=>1.0,62=>1.0,36|37=>0.001|0.999,32|52=>0.985|0.015,12|52=>0.999|0.001,66=>1.0,29=>1.0,17=>1.0,66=>1.0,56=>1.0,84=>1.0,89=>1.0,62=>1.0,33=>1.0,66|86=>0.996|0.004
A_0054,A,34.05,7=>1.0,13=>1.0,7=>1.0,9|15|25=>0.006|0.99|0.005,15=>1.0,24=>1.0,16=>1.0,9=>1.0,25=>1.0,29=>1.0,19|39|59=>0.014|0.981|0.005,26=>1.0,22=>1.0,23|53=>0.997|0.003,62=>1.0,17=>1.0,39=>1.0,23|53=>0.003|0.997,17=>1.0,66=>1.0,59=>1.0,17=>1.0,87=>0.999,62=>1.0,33=>0.999,62=>1.0,62=>1.0,36|37=>0.001|0.999,32|52=>0.985|0.015,12|52=>0.999|0.001,66=>1.0,29=>1.0,17=>1.0,66=>1.0,56=>1.0,84=>1.0,89=>1.0,62=>1.0,33=>1.0,66|86=>0.996|0.004
A_0040,A,34.05,7=>1.0,13=>1.0,7=>1.0,9|15|25=>0.006|0.99|0.005,15=>1.0,24=>1.0,16=>1.0,9=>1.0,25=>1.0,29=>1.0,19|39|59=>0.014|0.981|0.005,26=>1.0,22=>1.0,23|53=>0.997|0.003,62=>1.0,17=>1.0,39=>1.0,23|53=>0.003|0.997,17=>1.0,66=>1.0,59=>1.0,17=>1.0,87=>0.999,62=>1.0,33=>0.999,62=>1.0,62=>1.0,36|37=>0.001|0.999,32|52=>0.985|0.015,12|52=>0.999|0.001,66=>1.0,29=>1.0,17=>1.0,66=>1.0,56=>1.0,84=>1.0,89=>1.0,62=>1.0,33=>1.0,66|86=>0.996|0.004
A_0057,A,34.05,7=>1.0,13=>1.0,7=>1.0,9|15|25=>0.006|0.99|0.005,15=>1.0,24=>1.0,16=>1.0,9=>1.0,25=>1.0,29=>1.0,19|39|59=>0.014|0.981|0.005,26=>1.0,22=>1.0,23|53=>0.997|0.003,62=>1.0,17=>1.0,39=>1.0,23|53=>0.003|0.997,17=>1.0,66=>1.0,59=>1.0,17=>1.0,87=>0.999,62=>1.0,33=>0.999,62=>1.0,62=>1.0,36|37=>0.001|0.999,32|52=>0.985|0.015,12|52=>0.999|0.001,66=>1.0,29=>1.0,17=>1.0,66=>1.0,56=>1.0,84=>1.0,89=>1.0,62=>1.0,33=>1.0,66|86=>0.996|0.004
A_0058,A,36.76,6|7|9|13|16=>0.001|0.997|0.001|0.001|0.001,5|13|15|26=>0.001|0.996|0.001|0.001,7|9|15|16=>0.997|0.001|0.001|0.001,9|14|15|16|25=>0.004|0.001|0.989|0.001|0.004,14|15|18|25|28|29=>0.001|0.688|0.002|0.002|0.303|0.002,12|14|24|25|28=>0.001|0.001|0.996|0.001|0.001,10|15|16|26=>0.001|0.001|0.995|0.001,6|9|10|15|18=>0.001|0.996|0.001|0.001|0.002,12|15|25|26|28=>0.001|0.467|0.528|0.001|0.002,15|18|19|28|29|33|34=>0.001|0.001|0.001|0.001|0.529|0.468|0.001,19|39|59|89=>0.009|0.986|0.002|0.003,26=>0.998,12|22|23|82=>0.001|0.997|0.001|0.001,23|33|53=>0.997|0.001|0.003,12|42|52|62=>0.468|0.001|0.001|0.529,17|27|67=>0.998|0.001|0.001,19|39|59|89=>0.001|0.692|0.001|0.305,23|53|54|63=>0.002|0.996|0.001|0.001,14|17|27|67=>0.001|0.998|0.001|0.001,36|56|66=>0.001|0.001|0.998,16|19|49|56|59|89=>0.002|0.303|0.001|0.004|0.687|0.001,17|57=>0.998|0.001,37|87=>0.001|0.998,36|56|62|66=>0.001|0.001|0.029|0.97,33|83=>0.998|0.001,12|62|67|82=>0.001|0.998|0.001|0.001,12|62|67|82=>0.001|0.998|0.001|0.001,17|32|34|37|87=>0.002|0.001|0.006|0.989|0.002,12|32|52|82=>0.001|0.682|0.011|0.305,12|32|52=>0.997|0.001|0.002,66|86=>0.998|0.001,19|29=>0.001|0.999,12|17=>0.001|0.999,66|86=>0.999|0.001,56=>1.0,64|84=>0.001|0.999,69|89=>0.001|0.999,62=>1.0,33|83=>0.008|0.991,36|66|69|86|89=>0.001|0.527|0.001|0.47|0.001
A_0060,A,36.84,6|7|9|13|16=>0.001|0.997|0.001|0.001|0.001,5|13|15|26=>0.001|0.996|0.001|0.001,7|9|15|16=>0.997|0.001|0.001|0.001,9|14|15|16|25=>0.004|0.001|0.989|0.001|0.004,14|15|18|25|28|29=>0.001|0.679|0.002|0.002|0.312|0.002,12|14|24|25|28=>0.001|0.001|0.996|0.001|0.001,10|15|16|26=>0.001|0.001|0.995|0.001,6|9|10|15|18=>0.001|0.996|0.001|0.001|0.002,12|15|25|26|28=>0.001|0.481|0.514|0.001|0.002,15|18|19|28|29|33|34=>0.001|0.001|0.001|0.001|0.515|0.481|0.001,19|39|59|89=>0.009|0.986|0.002|0.003,26=>0.998,12|22|23|82=>0.001|0.997|0.001|0.001,23|33|53=>0.997|0.001|0.003,12|42|52|62=>0.482|0.001|0.001|0.515,17|27|67=>0.998|0.001|0.001,19|39|59|89=>0.001|0.683|0.001|0.314,23|53|54|63=>0.002|0.996|0.001|0.001,14|17|27|67=>0.001|0.998|0.001|0.001,36|56|66=>0.001|0.001|0.998,16|19|49|56|59=>0.01|0.304|0.001|0.022|0.661,17|57=>0.998|0.001,37|87=>0.001|0.998,36|56|66=>0.001|0.001|0.998,33|83=>0.998|0.001,12|62|67|82=>0.001|0.998|0.001|0.001,12|62|67|82=>0.001|0.998|0.001|0.001,17|32|34|37|87=>0.002|0.001|0.032|0.963|0.002,12|32|52|82=>0.001|0.673|0.011|0.314,12|32|52=>0.996|0.001|0.002,66|86=>0.998|0.001,19|29=>0.001|0.999,12|17=>0.001|0.999,66|86=>0.999|0.001,56=>1.0,64|84=>0.001|0.999,69|89=>0.001|0.999,62=>1.0,33|83=>0.008|0.992,36|66|69|86|89=>0.001|0.513|0.001|0.484|0.001
A_0062,A,39.82,7=>1.0,13=>1.0,7|15=>0.999|0.001,15=>1.0,15|28=>0.347|0.653,12|24=>0.001|0.999,16=>1.0,9|18=>0.998|0.002,15|28=>0.998|0.002,19|33=>0.001|0.999,39|89=>0.996|0.003,26=>1.0,22=>1.0,23=>1.0,12|17|52=>0.993|0.007|0.001,17=>1.0,19|39|59|89=>0.001|0.349|0.001|0.649,53=>1.0,17=>1.0,62|66=>0.001|0.999,16|56=>0.652|0.348,17|57=>0.999|0.001,37|87=>0.001|0.999,66=>1.0,33|83=>0.999|0.001,62=>1.0,62=>1.0,14|34|84=>0.002|0.996|0.002,12|32|52|82=>0.001|0.343|0.006|0.65,12|52=>0.998|0.002,66=>1.0,29=>1.0,17=>1.0,66=>1.0,56=>1.0,24|84=>0.992|0.007,89=>1.0,62=>1.0,83=>1.0,36|86|89=>0.001|0.997|0.002
A_0063,A,39.82,7=>1.0,13=>1.0,7|15=>0.999|0.001,15=>1.0,15|28=>0.347|0.653,12|24=>0.001|0.999,16=>1.0,9|18=>0.998|0.002,15|28=>0.998|0.002,19|33=>0.001|0.999,39|89=>0.996|0.003,26=>1.0,22=>1.0,23=>1.0,12|17|52=>0.993|0.007|0.001,17=>1.0,19|39|59|89=>0.001|0.349|0.001|0.649,53=>1.0,17=>1.0,62|66=>0.001|0.999,16|56=>0.652|0.348,17|57=>0.999|0.001,37|87=>0.001|0.999,66=>1.0,33|83=>0.999|0.001,62=>1.0,62=>1.0,14|34|84=>0.002|0.996|0.002,12|32|52|82=>0.001|0.343|0.006|0.65,12|52=>0.998|0.002,66=>1.0,29=>1.0,17=>1.0,66=>1.0,56=>1.0,24|84=>0.992|0.007,89=>1.0,62=>1.0,83=>1.0,36|86|89=>0.001|0.997|0.002
A_0065,A,39.82,7=>1.0,13=>1.0,7|15=>0.999|0.001,15=>1.0,15|28=>0.347|0.653,12|24=>0.001|0.999,16=>1.0,9|18=>0.998|0.002,15|28=>0.998|0.002,19|33=>0.001|0.999,39|89=>0.996|0.003,26=>1.0,22=>1.0,23=>1.0,12|17|52=>0.993|0.007|0.001,17=>1.0,19|39|59|89=>0.001|0.349|0.001|0.649,53=>1.0,17=>1.0,62|66=>0.001|0.999,16|56=>0.652|0.348,17|57=>0.999|0.001,37|87=>0.001|0.999,66=>1.0,33|83=>0.999|0.001,62=>1.0,62=>1.0,14|34|84=>0.002|0.996|0.002,12|32|52|82=>0.001|0.343|0.006|0.65,12|52=>0.998|0.002,66=>1.0,29=>1.0,17=>1.0,66=>1.0,56=>1.0,24|84=>0.992|0.007,89=>1.0,62=>1.0,83=>1.0,36|86|89=>0.001|0.997|0.002
A_0064,A,39.82,7=>1.0,13=>1.0,7|15=>0.999|0.001,15=>1.0,15|28=>0.347|0.653,12|24=>0.001|0.999,16=>1.0,9|18=>0.998|0.002,15|28=>0.998|0.002,19|33=>0.001|0.999,39|89=>0.996|0.003,26=>1.0,22=>1.0,23=>1.0,12|17|52=>0.993|0.007|0.001,17=>1.0,19|39|59|89=>0.001|0.349|0.001|0.649,53=>1.0,17=>1.0,62|66=>0.001|0.999,16|56=>0.652|0.348,17|57=>0.999|0.001,37|87=>0.001|0.999,66=>1.0,33|83=>0.999|0.001,62=>1.0,62=>1.0,14|34|84=>0.002|0.996|0.002,12|32|52|82=>0.001|0.343|0.006|0.65,12|52=>0.998|0.002,66=>1.0,29=>1.0,17=>1.0,66=>1.0,56=>1.0,24|84=>0.992|0.007,89=>1.0,62=>1.0,83=>1.0,36|86|89=>0.001|0.997|0.002
A_0067,A,42.91,7=>1.0,13=>1.0,7=>1.0,15=>1.0,28=>1.0,24=>1.0,16=>1.0,9=>1.0,15=>1.0,33=>1.0,39=>1.0,26=>1.0,22=>1.0,23=>1.0,17=>1.0,17=>1.0,33|89=>0.001|0.999,53|54|63=>0.998|0.001|0.001,17=>1.0,66=>1.0,16=>1.0,14|17=>0.001|0.999,84|87=>0.003|0.997,66=>1.0,33|36=>0.997|0.003,62=>1.0,62=>1.0,34|37=>0.997|0.003,82|85=>0.999|0.001,12=>0.999,63|66=>0.002|0.998,29=>1.0,7|17|47=>0.019|0.914|0.067,66=>1.0,29|59|63|66=>0.001|0.003|0.001|0.995,24|27=>0.768|0.232,89=>1.0,62=>1.0,33|36|84|87=>0.497|0.003|0.497|0.003,86=>1.0
A_0066,A,42.91,7=>1.0,13=>1.0,7=>1.0,15=>1.0,28=>1.0,24=>1.0,16=>1.0,9=>1.0,15=>1.0,33=>1.0,39=>1.0,26=>1.0,22=>1.0,23=>1.0,17=>1.0,17=>1.0,33|89=>0.001|0.999,53|54|63=>0.998|0.001|0.001,17=>1.0,66=>1.0,16=>1.0,14|17=>0.001|0.999,84|87=>0.003|0.997,66=>1.0,33|36=>0.997|0.003,62=>1.0,62=>1.0,34|37=>0.997|0.003,82|85=>0.999|0.001,12=>0.999,63|66=>0.002|0.998,29=>1.0,7|17|47=>0.019|0.914|0.067,66=>1.0,29|59|63|66=>0.001|0.003|0.001|0.995,24|27=>0.768|0.232,89=>1.0,62=>1.0,33|36|84|87=>0.497|0.003|0.497|0.003,86=>1.0
A_0068,A,42.91,7=>1.0,13=>1.0,7=>1.0,15=>1.0,28=>1.0,24=>1.0,16=>1.0,9=>1.0,15=>1.0,33=>1.0,39=>1.0,26=>1.0,22=>1.0,23=>1.0,17=>1.0,17=>1.0,33|89=>0.001|0.999,53|54|63=>0.998|0.001|0.001,17=>1.0,66=>1.0,16=>1.0,14|17=>0.001|0.999,84|87=>0.003|0.997,66=>1.0,33|36=>0.997|0.003,62=>1.0,62=>1.0,34|37=>0.997|0.003,82|85=>0.999|0.001,12=>0.999,63|66=>0.002|0.998,29=>1.0,7|17|47=>0.019|0.914|0.067,66=>1.0,29|59|63|66=>0.001|0.003|0.001|0.995,24|27=>0.768|0.232,89=>1.0,62=>1.0,33|36|84|87=>0.497|0.003|0.497|0.003,86=>1.0
A_0069,A,42.99,7=>1.0,13|26=>0.988|0.012,7=>1.0,15=>1.0,25|28=>0.01|0.99,24=>1.0,16=>1.0,9=>1.0,15=>1.0,33=>1.0,39=>1.0,26=>1.0,22=>1.0,23=>1.0,17=>1.0,17=>1.0,33|89=>0.001|0.999,23|53|54|63=>0.003|0.376|0.617|0.003,17=>1.0,66=>1.0,16=>1.0,14|17=>0.001|0.999,84|87=>0.003|0.997,62|66=>0.012|0.988,33|36=>0.997|0.003,62=>1.0,62=>1.0,34|37=>0.997|0.003,82|85=>0.999|0.001,12=>0.999,63|66=>0.002|0.998,29=>1.0,7|17|47=>0.019|0.914|0.066,66=>1.0,29|59|63|66=>0.001|0.003|0.001|0.995,24|27=>0.762|0.238,89=>1.0,62=>1.0,33|34|36|84|87=>0.491|0.012|0.003|0.491|0.003,86=>1.0
A_0072,A,49.61,7=>1.0,26=>1.0,7=>1.0,15=>1.0,24|25=>0.026|0.974,14=>1.0,16=>1.0,9=>1.0,14|15|16=>0.015|0.978|0.007,33=>1.0,39=>1.0,26=>1.0,27|82=>0.991|0.009,23=>1.0,17=>1.0,17=>1.0,89=>1.0,53|54=>0.03|0.97,17=>1.0,66=>1.0,16=>1.0,14|17=>0.001|0.999,84|87=>0.003|0.997,62=>1.0,33|36=>0.997|0.003,62=>1.0,62=>1.0,34|37=>0.997|0.003,82|85=>0.997|0.003,11|12|15=>0.001|0.999|0.001,63|66=>0.002|0.998,26|29=>0.495|0.505,22|32|37=>0.001|0.001|0.998,66=>1.0,63|66|69=>0.001|0.502|0.497,24|27=>0.267|0.733,89=>1.0,62=>1.0,34|37=>0.988|0.012,86=>1.0
A_0071,A,49.61,7=>1.0,26=>1.0,7=>1.0,15=>1.0,24|25=>0.026|0.974,14=>1.0,16=>1.0,9=>1.0,14|15|16=>0.015|0.978|0.007,33=>1.0,39=>1.0,26=>1.0,27|82=>0.991|0.009,23=>1.0,17=>1.0,17=>1.0,89=>1.0,53|54=>0.03|0.97,17=>1.0,66=>1.0,16=>1.0,14|17=>0.001|0.999,84|87=>0.003|0.997,62=>1.0,33|36=>0.997|0.003,62=>1.0,62=>1.0,34|37=>0.997|0.003,82|85=>0.997|0.003,11|12|15=>0.001|0.999|0.001,63|66=>0.002|0.998,26|29=>0.495|0.505,22|32|37=>0.001|0.001|0.998,66=>1.0,63|66|69=>0.001|0.502|0.497,24|27=>0.267|0.733,89=>1.0,62=>1.0,34|37=>0.988|0.012,86=>1.0
A_0070,A,49.61,7=>1.0,26=>1.0,7=>1.0,15=>1.0,24|25=>0.026|0.974,14=>1.0,16=>1.0,9=>1.0,14|15|16=>0.015|0.978|0.007,33=>1.0,39=>1.0,26=>1.0,27|82=>0.991|0.009,23=>1.0,17=>1.0,17=>1.0,89=>1.0,53|54=>0.03|0.97,17=>1.0,66=>1.0,16=>1.0,14|17=>0.001|0.999,84|87=>0.003|0.997,62=>1.0,33|36=>0.997|0.003,62=>1.0,62=>1.0,34|37=>0.997|0.003,82|85=>0.997|0.003,11|12|15=>0.001|0.999|0.001,63|66=>0.002|0.998,26|29=>0.495|0.505,22|32|37=>0.001|0.001|0.998,66=>1.0,63|66|69=>0.001|0.502|0.497,24|27=>0.267|0.733,89=>1.0,62=>1.0,34|37=>0.988|0.012,86=>1.0
A_0074,A,49.61,7=>1.0,26=>1.0,7=>1.0,15=>1.0,24|25=>0.026|0.974,14=>1.0,16=>1.0,9=>1.0,14|15|16=>0.015|0.978|0.007,33=>1.0,39=>1.0,26=>1.0,27|82=>0.991|0.009,23=>1.0,17=>1.0,17=>1.0,89=>1.0,53|54=>0.03|0.97,17=>1.0,66=>1.0,16=>1.0,14|17=>0.001|0.999,84|87=>0.003|0.997,62=>1.0,33|36=>0.997|0.003,62=>1.0,62=>1.0,34|37=>0.997|0.003,82|85=>0.997|0.003,11|12|15=>0.001|0.999|0.001,63|66=>0.002|0.998,26|29=>0.495|0.505,22|32|37=>0.001|0.001|0.998,66=>1.0,63|66|69=>0.001|0.502|0.497,24|27=>0.267|0.733,89=>1.0,62=>1.0,34|37=>0.988|0.012,86=>1.0
A_0073,A,49.61,7=>1.0,26=>1.0,7=>1.0,15=>1.0,24|25=>0.026|0.974,14=>1.0,16=>1.0,9=>1.0,14|15|16=>0.015|0.978|0.007,33=>1.0,39=>1.0,26=>1.0,27|82=>0.991|0.009,23=>1.0,17=>1.0,17=>1.0,89=>1.0,53|54=>0.03|0.97,17=>1.0,66=>1.0,16=>1.0,14|17=>0.001|0.999,84|87=>0.003|0.997,62=>1.0,33|36=>0.997|0.003,62=>1.0,62=>1.0,34|37=>0.997|0.003,82|85=>0.997|0.003,11|12|15=>0.001|0.999|0.001,63|66=>0.002|0.998,26|29=>0.495|0.505,22|32|37=>0.001|0.001|0.998,66=>1.0,63|66|69=>0.001|0.502|0.497,24|27=>0.267|0.733,89=>1.0,62=>1.0,34|37=>0.988|0.012,86=>1.0
A_0078,A,50.9,7|16=>0.998|0.001,13|26=>0.101|0.898,7|16=>0.998|0.002,15=>1.0,12|24|25=>0.001|0.001|0.998,14=>1.0,7|16=>0.001|0.998,9=>1.0,6|14|15|16|25|28=>0.001|0.017|0.938|0.008|0.023|0.013,18|33=>0.101|0.898,19|39=>0.001|0.998,23|26|86=>0.001|0.999|0.001,17|22|27|62|82|87=>0.001|0.001|0.988|0.001|0.005|0.003,23|26|53=>0.986|0.001|0.012,17|67=>0.998|0.001,14|17|67=>0.001|0.997|0.001,59|79|89=>0.962|0.001|0.037,53|54|57=>0.034|0.964|0.002,14|17|67=>0.001|0.997|0.001,66=>0.999,16=>1.0,14|17|67=>0.001|0.998|0.001,27|84|87=>0.001|0.002|0.997,62=>0.999,33|36=>0.997|0.002,12|62=>0.001|0.998,12|62=>0.001|0.998,34|37=>0.998|0.002,32|35|82|83=>0.02|0.003|0.975|0.001,11|12|15=>0.001|0.999|0.001,16|63|66=>0.001|0.001|0.997,26|29=>0.677|0.322,32|37=>0.362|0.636,16|36|66|69=>0.001|0.001|0.998|0.001,39|63|66|69=>0.001|0.001|0.32|0.678,24|27=>0.17|0.828,89=>0.999,32|62=>0.001|0.998,34|37=>0.987|0.012,26|66|86|89=>0.001|0.001|0.996|0.001
A_0077,A,53.17,7|16=>0.997|0.003,5|13|26=>0.001|0.278|0.721,2|7|16=>0.001|0.996|0.004,14|15|16|29=>0.003|0.994|0.003|0.001,12|25=>0.002|0.998,14|28=>0.999|0.001,7|9|16|19=>0.002|0.001|0.996|0.001,9=>1.0,6|14|15|16|28|29=>0.003|0.013|0.952|0.007|0.024|0.001,8|18|33=>0.001|0.278|0.721,14|39=>0.001|0.999,23|26|86=>0.001|0.998|0.001,12|27|62|87=>0.002|0.988|0.003|0.006,53|56=>0.997|0.003,17|67=>0.997|0.003,14|17|67=>0.001|0.996|0.003,59=>1.0,54|57|63|66=>0.954|0.005|0.04|0.001,14|17|67=>0.002|0.994|0.003,66=>0.999,16=>1.0,17|19|67=>0.998|0.001|0.001,27|87=>0.001|0.998,62=>1.0,33=>1.0,12|62|63=>0.003|0.995|0.002,12|62|63=>0.003|0.996|0.002,34=>1.0,35|36|82|83=>0.004|0.007|0.988|0.001,11|12|13|15|16|52=>0.001|0.996|0.001|0.001|0.001|0.002,17|36|66=>0.001|0.001|0.998,26|28=>0.999|0.001,32|33|62=>0.997|0.002|0.001,19|36|66=>0.001|0.002|0.997,39|69=>0.003|0.997,27=>1.0,87|89=>0.001|0.999,32|62=>0.003|0.997,34|37=>0.988|0.012,26|66|82|86|89=>0.002|0.003|0.002|0.99|0.003
A_0076,A,53.17,7|16=>0.997|0.003,5|13|26=>0.001|0.278|0.721,2|7|16=>0.001|0.996|0.004,14|15|16|29=>0.003|0.994|0.003|0.001,12|25=>0.002|0.998,14|28=>0.999|0.001,7|9|16|19=>0.002|0.001|0.996|0.001,9=>1.0,6|14|15|16|28|29=>0.003|0.013|0.952|0.007|0.024|0.001,8|18|33=>0.001|0.278|0.721,14|39=>0.001|0.999,23|26|86=>0.001|0.998|0.001,12|27|62|87=>0.002|0.988|0.003|0.006,53|56=>0.997|0.003,17|67=>0.997|0.003,14|17|67=>0.001|0.996|0.003,59=>1.0,54|57|63|66=>0.954|0.005|0.04|0.001,14|17|67=>0.002|0.994|0.003,66=>0.999,16=>1.0,17|19|67=>0.998|0.001|0.001,27|87=>0.001|0.998,62=>1.0,33=>1.0,12|62|63=>0.003|0.995|0.002,12|62|63=>0.003|0.996|0.002,34=>1.0,35|36|82|83=>0.004|0.007|0.988|0.001,11|12|13|15|16|52=>0.001|0.996|0.001|0.001|0.001|0.002,17|36|66=>0.001|0.001|0.998,26|28=>0.999|0.001,32|33|62=>0.997|0.002|0.001,19|36|66=>0.001|0.002|0.997,39|69=>0.003|0.997,27=>1.0,87|89=>0.001|0.999,32|62=>0.003|0.997,34|37=>0.988|0.012,26|66|82|86|89=>0.002|0.003|0.002|0.99|0.003
A_0079,A,60.85,7|13|16=>0.997|0.001|0.001,5|13|26=>0.001|0.874|0.124,4|7|9|10|16=>0.001|0.799|0.196|0.002|0.002,9|15|25=>0.002|0.996|0.002,12|25|29=>0.001|0.997|0.001,14|15|18|24|28=>0.805|0.187|0.004|0.001|0.002,7|9|10|16|19|20=>0.001|0.002|0.824|0.17|0.001|0.001,6|9|15=>0.001|0.997|0.001,12|15|25=>0.002|0.166|0.83,8|18|33=>0.001|0.874|0.124,19|29|39|56|59|86|89=>0.008|0.006|0.002|0.001|0.811|0.004|0.168,26|29|56|86=>0.998|0.001|0.001|0.001,17|19|27|67=>0.985|0.001|0.01|0.003,33|53|63|64=>0.001|0.01|0.983|0.005,17|19|67=>0.997|0.001|0.002,16|17|19|67=>0.001|0.997|0.001|0.002,57|59|89=>0.001|0.998|0.001,53|54|63|64|66|67|83|84=>0.387|0.383|0.128|0.089|0.004|0.003|0.001|0.001,16|17|67=>0.001|0.997|0.002,36|39|52|62|65|66=>0.624|0.001|0.001|0.009|0.001|0.362,16|36=>0.999|0.001,14|17|19|37|67=>0.001|0.995|0.001|0.001|0.001,27|57|84|86|87=>0.001|0.001|0.001|0.001|0.996,32|62=>0.001|0.999,13|33|34|36|63=>0.001|0.996|0.001|0.001|0.001,12|62=>0.002|0.998,12|62=>0.002|0.998,14|33|34|37=>0.001|0.001|0.997|0.001,12|32|35|82=>0.001|0.988|0.001|0.009,12|32=>0.998|0.001,13|16|17|26|66=>0.001|0.988|0.001|0.001|0.009,16|26=>0.001|0.998,12|22|32=>0.005|0.83|0.165,16|26|36|66=>0.988|0.001|0.001|0.009,59|69=>0.006|0.994,17|24|26|27=>0.001|0.001|0.001|0.997,69|89=>0.001|0.998,52|62=>0.001|0.998,14|33|34|37=>0.001|0.001|0.995|0.003,66|86=>0.002|0.998
A_0082,A,62.36,7=>1.0,13|26=>0.994|0.006,9|10=>0.998|0.001,15=>1.0,25=>1.0,14|15=>0.047|0.953,10|16=>0.991|0.009,9|10=>0.998|0.001,15|25=>0.008|0.992,18|33=>0.994|0.006,29|59|86|89=>0.005|0.981|0.004|0.009,26=>1.0,17|27=>0.999|0.001,53|63|64=>0.001|0.994|0.005,17=>1.0,17=>1.0,59=>1.0,53|54|63|64=>0.027|0.018|0.59|0.365,17=>1.0,36|52|62|65|66=>0.748|0.001|0.048|0.001|0.202,16=>1.0,17=>1.0,87=>1.0,62=>1.0,33=>1.0,62=>0.999,62=>1.0,34=>1.0,32=>1.0,12=>1.0,16=>1.0,26|29=>0.999|0.001,22|32=>0.991|0.008,16=>1.0,59|69=>0.005|0.995,27=>1.0,89=>0.999,62|64=>0.999|0.001,34=>1.0,86=>1.0
A_0080,A,62.44,7=>1.0,13=>1.0,9|10=>0.999|0.001,15=>1.0,25=>1.0,14|15=>0.046|0.954,10=>1.0,9|10=>0.998|0.001,25=>1.0,18=>1.0,29|59|86=>0.005|0.99|0.004,26=>1.0,17=>1.0,53|63|64=>0.001|0.994|0.005,17=>1.0,17=>1.0,59=>1.0,53|54|63|64=>0.027|0.017|0.595|0.361,17=>1.0,36|52|62=>0.755|0.001|0.244,16=>1.0,17=>1.0,87=>1.0,62=>1.0,33=>1.0,62=>1.0,62=>1.0,34=>1.0,32=>1.0,12=>1.0,16=>1.0,26|29=>0.999|0.001,22=>1.0,16=>1.0,59|69=>0.005|0.995,27=>1.0,89=>0.999,62|64=>0.999|0.001,34=>1.0,86=>1.0
A_0081,A,62.44,7=>1.0,13=>1.0,9|10=>0.999|0.001,15=>1.0,25=>1.0,14|15=>0.046|0.954,10=>1.0,9|10=>0.998|0.001,25=>1.0,18=>1.0,29|59|86=>0.005|0.99|0.004,26=>1.0,17=>1.0,53|63|64=>0.001|0.994|0.005,17=>1.0,17=>1.0,59=>1.0,53|54|63|64=>0.027|0.017|0.595|0.361,17=>1.0,36|52|62=>0.755|0.001|0.244,16=>1.0,17=>1.0,87=>1.0,62=>1.0,33=>1.0,62=>1.0,62=>1.0,34=>1.0,32=>1.0,12=>1.0,16=>1.0,26|29=>0.999|0.001,22=>1.0,16=>1.0,59|69=>0.005|0.995,27=>1.0,89=>0.999,62|64=>0.999|0.001,34=>1.0,86=>1.0
A_0083,A,62.44,7=>1.0,13=>1.0,9|10=>0.999|0.001,15=>1.0,25=>1.0,14|15=>0.046|0.954,10=>1.0,9|10=>0.998|0.001,25=>1.0,18=>1.0,29|59|86=>0.005|0.99|0.004,26=>1.0,17=>1.0,53|63|64=>0.001|0.994|0.005,17=>1.0,17=>1.0,59=>1.0,53|54|63|64=>0.027|0.017|0.595|0.361,17=>1.0,36|52|62=>0.755|0.001|0.244,16=>1.0,17=>1.0,87=>1.0,62=>1.0,33=>1.0,62=>1.0,62=>1.0,34=>1.0,32=>1.0,12=>1.0,16=>1.0,26|29=>0.999|0.001,22=>1.0,16=>1.0,59|69=>0.005|0.995,27=>1.0,89=>0.999,62|64=>0.999|0.001,34=>1.0,86=>1.0
A_0085,A,68.39,6|7|9=>0.002|0.997|0.001,13|15=>0.997|0.002,6|7|9|10=>0.002|0.719|0.278|0.001,6|7|8|9|10|15=>0.001|0.001|0.003|0.967|0.003|0.026,12|13|15|25|28|29=>0.001|0.001|0.001|0.994|0.001|0.001,14|15|19=>0.017|0.981|0.001,9|10=>0.003|0.997,6|9|10=>0.001|0.996|0.002,25|26|28=>0.997|0.002|0.001,15|18=>0.003|0.996,54|59|89=>0.001|0.996|0.003,22|23|26|36=>0.001|0.001|0.997|0.001,12|17|19|27=>0.058|0.936|0.004|0.001,53|63|66=>0.002|0.996|0.001,17|19|27=>0.995|0.004|0.001,14|17|19|27=>0.001|0.997|0.001|0.002,57|59|89=>0.002|0.997|0.002,53|63|64|66=>0.016|0.978|0.004|0.001,14|17|27=>0.001|0.997|0.001,22|32|34|36|52|62|66|92=>0.001|0.472|0.001|0.181|0.001|0.313|0.029|0.001,12|16|36=>0.001|0.997|0.001,12|16|17|27|37=>0.001|0.001|0.998|0.001|0.001,57|67|86|87=>0.001|0.001|0.002|0.997,32|52|62|66|92=>0.021|0.002|0.974|0.002|0.001,13|23|33|34=>0.001|0.001|0.997|0.002,62|82|87|92=>0.278|0.719|0.001|0.001,62|67|82=>0.996|0.002|0.002,14|33|34|37|84=>0.001|0.002|0.994|0.001|0.001,32|52|82|86|87=>0.009|0.001|0.988|0.001|0.001,12|22|32=>0.278|0.001|0.719,16|17|26=>0.997|0.001|0.002,26|29|66|82|86=>0.009|0.001|0.004|0.001|0.984,22|27=>0.997|0.001,12|16|26=>0.001|0.997|0.002,39|64|69=>0.001|0.001|0.997,17|26|27=>0.002|0.002|0.996,69|83|89=>0.002|0.001|0.997,32|36|62=>0.72|0.001|0.278,33|34|84|87=>0.002|0.988|0.009|0.001,66|82|86|87|89=>0.003|0.009|0.983|0.003|0.001
A_0086,A,70.69,7|13=>0.998|0.001,13=>1.0,6|7=>0.002|0.998,8|9|10|15=>0.001|0.979|0.001|0.019,15|25=>0.001|0.999,14|15|25=>0.004|0.995|0.001,9|10|16=>0.001|0.997|0.002,9|10|15=>0.998|0.001|0.001,15|25|26=>0.004|0.996|0.001,15|18=>0.001|0.998,59=>1.0,26|56=>0.999|0.001,12|13=>0.996|0.004,33|53|63=>0.001|0.001|0.998,17|19=>0.996|0.004,17=>0.999,57|59|89=>0.001|0.999|0.001,33|53|63|64=>0.001|0.004|0.994|0.001,17=>1.0,32|62=>0.773|0.226,16=>1.0,17=>1.0,87=>0.999,32|62=>0.356|0.643,33=>0.998,82=>0.999,62|67=>0.998|0.002,34=>1.0,82=>1.0,32|62=>0.999|0.001,16|26=>0.999|0.001,66|86=>0.004|0.996,22=>0.999,16|26=>0.999|0.001,69=>1.0,17|26|27=>0.001|0.001|0.999,69|89=>0.001|0.999,32=>1.0,32|33|34|87=>0.001|0.001|0.986|0.012,22|32|66|85|86|87|89=>0.01|0.001|0.003|0.002|0.966|0.004|0.013
A_0084,A,71.33,7|13=>0.999|0.001,13=>1.0,6|7=>0.002|0.997,9|15=>0.983|0.017,15|25=>0.001|0.999,15|25=>0.999|0.001,10|16=>0.998|0.002,9|15=>0.999|0.001,15|25=>0.004|0.996,18=>1.0,59=>1.0,26|56=>0.999|0.001,12|13=>0.996|0.003,33|63=>0.001|0.999,17|19=>0.996|0.003,17=>1.0,59=>1.0,33|63=>0.001|0.999,17=>1.0,32|62=>0.806|0.194,16=>1.0,17=>1.0,87=>1.0,32|62=>0.449|0.551,33=>0.999,82=>1.0,62|67=>0.999|0.001,34=>1.0,82=>1.0,32|62=>0.999|0.001,16=>1.0,66|86=>0.003|0.997,22=>0.999,16=>1.0,69=>1.0,27=>1.0,89=>1.0,32=>1.0,32|34|37|87=>0.001|0.134|0.855|0.01,22|32|62|82|84|85|86|87=>0.009|0.001|0.002|0.846|0.017|0.002|0.119|0.003
A_0075,A,71.42,7|13=>0.999|0.001,13=>1.0,7=>0.999,9|15=>0.984|0.016,15|25=>0.001|0.999,15|25=>0.999|0.001,10|16=>0.998|0.002,9|15=>0.999|0.001,15|25=>0.004|0.996,18=>1.0,59=>1.0,26|56=>0.999|0.001,12|13=>0.997|0.003,33|63=>0.001|0.999,17|19=>0.996|0.003,17=>1.0,59=>1.0,33|63=>0.001|0.999,17=>1.0,32|62=>0.81|0.189,16=>1.0,17=>1.0,87=>1.0,32|62=>0.462|0.538,33=>0.999,82=>1.0,62|67=>0.999|0.001,34=>1.0,82=>1.0,32|62=>0.999|0.001,16=>1.0,66|86=>0.003|0.997,22=>0.999,16=>1.0,69=>1.0,24|27=>0.002|0.998,89=>1.0,32=>1.0,32|34|37|87=>0.001|0.014|0.975|0.01,32|62|82|84|85|87=>0.001|0.003|0.975|0.016|0.002|0.003
A_0087,A,71.42,7|13=>0.999|0.001,13=>1.0,7=>0.999,9|15=>0.984|0.016,15|25=>0.001|0.999,15|25=>0.999|0.001,10|16=>0.998|0.002,9|15=>0.999|0.001,15|25=>0.004|0.996,18=>1.0,59=>1.0,26|56=>0.999|0.001,12|13=>0.997|0.003,33|63=>0.001|0.999,17|19=>0.996|0.003,17=>1.0,59=>1.0,33|63=>0.001|0.999,17=>1.0,32|62=>0.81|0.189,16=>1.0,17=>1.0,87=>1.0,32|62=>0.462|0.538,33=>0.999,82=>1.0,62|67=>0.999|0.001,34=>1.0,82=>1.0,32|62=>0.999|0.001,16=>1.0,66|86=>0.003|0.997,22=>0.999,16=>1.0,69=>1.0,24|27=>0.002|0.998,89=>1.0,32=>1.0,32|34|37|87=>0.001|0.014|0.975|0.01,32|62|82|84|85|87=>0.001|0.003|0.975|0.016|0.002|0.003
A_0088,A,71.42,7|13=>0.999|0.001,13=>1.0,7=>0.999,9|15=>0.984|0.016,15|25=>0.001|0.999,15|25=>0.999|0.001,10|16=>0.998|0.002,9|15=>0.999|0.001,15|25=>0.004|0.996,18=>1.0,59=>1.0,26|56=>0.999|0.001,12|13=>0.997|0.003,33|63=>0.001|0.999,17|19=>0.996|0.003,17=>1.0,59=>1.0,33|63=>0.001|0.999,17=>1.0,32|62=>0.81|0.189,16=>1.0,17=>1.0,87=>1.0,32|62=>0.462|0.538,33=>0.999,82=>1.0,62|67=>0.999|0.001,34=>1.0,82=>1.0,32|62=>0.999|0.001,16=>1.0,66|86=>0.003|0.997,22=>0.999,16=>1.0,69=>1.0,24|27=>0.002|0.998,89=>1.0,32=>1.0,32|34|37|87=>0.001|0.014|0.975|0.01,32|62|82|84|85|87=>0.001|0.003|0.975|0.016|0.002|0.003
A_0091,A,72.87,7|13=>0.998|0.001,13|26=>0.999|0.001,7=>0.999,9|15=>0.99|0.01,15|25=>0.001|0.999,15|25=>0.999|0.001,10|16=>0.998|0.002,9|15=>0.999|0.001,12|15|22|25=>0.39|0.004|0.001|0.605,18|33=>0.999|0.001,59=>0.999,26|56=>0.999|0.001,12|13=>0.997|0.002,33|63=>0.001|0.999,17|19=>0.997|0.002,17=>0.999,59=>0.999,33|63=>0.001|0.999,17=>0.999,32|62=>0.884|0.115,16=>1.0,17=>1.0,87=>1.0,32|62=>0.673|0.327,33=>0.999,82=>1.0,62=>1.0,34=>1.0,82=>1.0,32=>0.999,16=>1.0,66|86|96=>0.002|0.996|0.001,23=>0.999,16=>0.999,59|69=>0.004|0.995,27=>1.0,29|89=>0.004|0.995,32=>1.0,37|87=>0.993|0.006,62|82=>0.002|0.998
A_0089,A,72.87,7|13=>0.998|0.001,13|26=>0.999|0.001,7=>0.999,9|15=>0.99|0.01,15|25=>0.001|0.999,15|25=>0.999|0.001,10|16=>0.998|0.002,9|15=>0.999|0.001,12|15|22|25=>0.39|0.004|0.001|0.605,18|33=>0.999|0.001,59=>0.999,26|56=>0.999|0.001,12|13=>0.997|0.002,33|63=>0.001|0.999,17|19=>0.997|0.002,17=>0.999,59=>0.999,33|63=>0.001|0.999,17=>0.999,32|62=>0.884|0.115,16=>1.0,17=>1.0,87=>1.0,32|62=>0.673|0.327,33=>0.999,82=>1.0,62=>1.0,34=>1.0,82=>1.0,32=>0.999,16=>1.0,66|86|96=>0.002|0.996|0.001,23=>0.999,16=>0.999,59|69=>0.004|0.995,27=>1.0,29|89=>0.004|0.995,32=>1.0,37|87=>0.993|0.006,62|82=>0.002|0.998
A_0090,A,72.87,7|13=>0.998|0.001,13|26=>0.999|0.001,7=>0.999,9|15=>0.99|0.01,15|25=>0.001|0.999,15|25=>0.999|0.001,10|16=>0.998|0.002,9|15=>0.999|0.001,12|15|22|25=>0.39|0.004|0.001|0.605,18|33=>0.999|0.001,59=>0.999,26|56=>0.999|0.001,12|13=>0.997|0.002,33|63=>0.001|0.999,17|19=>0.997|0.002,17=>0.999,59=>0.999,33|63=>0.001|0.999,17=>0.999,32|62=>0.884|0.115,16=>1.0,17=>1.0,87=>1.0,32|62=>0.673|0.327,33=>0.999,82=>1.0,62=>1.0,34=>1.0,82=>1.0,32=>0.999,16=>1.0,66|86|96=>0.002|0.996|0.001,23=>0.999,16=>0.999,59|69=>0.004|0.995,27=>1.0,29|89=>0.004|0.995,32=>1.0,37|87=>0.993|0.006,62|82=>0.002|0.998
A_0097,A,75.12,7=>1.0,13=>1.0,7=>1.0,9=>1.0,25=>1.0,15=>1.0,10=>1.0,9=>1.0,12=>1.0,18=>1.0,59=>1.0,26=>1.0,12=>1.0,63=>1.0,17=>1.0,17=>1.0,59=>1.0,63=>1.0,17=>1.0,32=>1.0,16=>1.0,17|19=>0.986|0.014,87=>1.0,32=>1.0,33=>1.0,82=>1.0,62=>1.0,34=>1.0,82=>1.0,32=>1.0,16=>1.0,86=>1.0,23=>1.0,16=>1.0,59=>1.0,27=>1.0,29=>1.0,32=>1.0,37=>1.0,82=>1.0
A_0096,A,75.12,7=>1.0,13=>1.0,7=>1.0,9=>1.0,25=>1.0,15=>1.0,10=>1.0,9=>1.0,12=>1.0,18=>1.0,59=>1.0,26=>1.0,12=>1.0,63=>1.0,17=>1.0,17=>1.0,59=>1.0,63=>1.0,17=>1.0,32=>1.0,16=>1.0,17|19=>0.986|0.014,87=>1.0,32=>1.0,33=>1.0,82=>1.0,62=>1.0,34=>1.0,82=>1.0,32=>1.0,16=>1.0,86=>1.0,23=>1.0,16=>1.0,59=>1.0,27=>1.0,29=>1.0,32=>1.0,37=>1.0,82=>1.0
A_0092,A,75.12,7=>1.0,13=>1.0,7=>1.0,9=>1.0,25=>1.0,15=>1.0,10=>1.0,9=>1.0,12=>1.0,18=>1.0,59=>1.0,26=>1.0,12=>1.0,63=>1.0,17=>1.0,17=>1.0,59=>1.0,63=>1.0,17=>1.0,32=>1.0,16=>1.0,17|19=>0.986|0.014,87=>1.0,32=>1.0,33=>1.0,82=>1.0,62=>1.0,34=>1.0,82=>1.0,32=>1.0,16=>1.0,86=>1.0,23=>1.0,16=>1.0,59=>1.0,27=>1.0,29=>1.0,32=>1.0,37=>1.0,82=>1.0
A_0093,A,75.12,7=>1.0,13=>1.0,7=>1.0,9=>1.0,25=>1.0,15=>1.0,10=>1.0,9=>1.0,12=>1.0,18=>1.0,59=>1.0,26=>1.0,12=>1.0,63=>1.0,17=>1.0,17=>1.0,59=>1.0,63=>1.0,17=>1.0,32=>1.0,16=>1.0,17|19=>0.986|0.014,87=>1.0,32=>1.0,33=>1.0,82=>1.0,62=>1.0,34=>1.0,82=>1.0,32=>1.0,16=>1.0,86=>1.0,23=>1.0,16=>1.0,59=>1.0,27=>1.0,29=>1.0,32=>1.0,37=>1.0,82=>1.0
A_0094,A,75.12,7=>1.0,13=>1.0,7=>1.0,9=>1.0,25=>1.0,15=>1.0,10=>1.0,9=>1.0,12=>1.0,18=>1.0,59=>1.0,26=>1.0,12=>1.0,63=>1.0,17=>1.0,17=>1.0,59=>1.0,63=>1.0,17=>1.0,32=>1.0,16=>1.0,17|19=>0.986|0.014,87=>1.0,32=>1.0,33=>1.0,82=>1.0,62=>1.0,34=>1.0,82=>1.0,32=>1.0,16=>1.0,86=>1.0,23=>1.0,16=>1.0,59=>1.0,27=>1.0,29=>1.0,32=>1.0,37=>1.0,82=>1.0
A_0095,A,75.12,7=>1.0,13=>1.0,7=>1.0,9=>1.0,25=>1.0,15=>1.0,10=>1.0,9=>1.0,12=>1.0,18=>1.0,59=>1.0,26=>1.0,12=>1.0,63=>1.0,17=>1.0,17=>1.0,59=>1.0,63=>1.0,17=>1.0,32=>1.0,16=>1.0,17|19=>0.986|0.014,87=>1.0,32=>1.0,33=>1.0,82=>1.0,62=>1.0,34=>1.0,82=>1.0,32=>1.0,16=>1.0,86=>1.0,23=>1.0,16=>1.0,59=>1.0,27=>1.0,29=>1.0,32=>1.0,37=>1.0,82=>1.0
A_0100,A,77.19,7=>1.0,13=>1.0,7=>1.0,9=>1.0,13=>1.0,15|29=>0.999|0.001,10=>1.0,9|19=>0.994|0.006,13=>1.0,18=>1.0,59=>1.0,26|27=>0.998|0.002,12=>1.0,63|64=>0.997|0.003,13|14|19|22|27=>0.675|0.036|0.285|0.002|0.001,66|67=>0.001|0.998,59=>1.0,63|64=>0.882|0.118,26|27=>0.003|0.997,33|34=>0.003|0.996,16=>1.0,17|67=>0.999|0.001,37|86|87=>0.001|0.001|0.997,32=>1.0,36=>1.0,22|82=>0.002|0.998,62=>1.0,14|34|84=>0.001|0.851|0.148,82=>1.0,32=>1.0,26|36=>0.997|0.002,86=>1.0,3|23|73=>0.001|0.998|0.001,16=>1.0,59|69=>0.997|0.003,27=>1.0,29=>1.0,22|32=>0.003|0.997,37=>1.0,82=>1.0
A_0099,A,77.19,7=>1.0,13=>1.0,7=>1.0,9=>1.0,13=>1.0,15|29=>0.999|0.001,10=>1.0,9|19=>0.994|0.006,13=>1.0,18=>1.0,59=>1.0,26|27=>0.998|0.002,12=>1.0,63|64=>0.997|0.003,13|14|19|22|27=>0.675|0.036|0.285|0.002|0.001,66|67=>0.001|0.998,59=>1.0,63|64=>0.882|0.118,26|27=>0.003|0.997,33|34=>0.003|0.996,16=>1.0,17|67=>0.999|0.001,37|86|87=>0.001|0.001|0.997,32=>1.0,36=>1.0,22|82=>0.002|0.998,62=>1.0,14|34|84=>0.001|0.851|0.148,82=>1.0,32=>1.0,26|36=>0.997|0.002,86=>1.0,3|23|73=>0.001|0.998|0.001,16=>1.0,59|69=>0.997|0.003,27=>1.0,29=>1.0,22|32=>0.003|0.997,37=>1.0,82=>1.0
A_0098,A,77.19,7=>1.0,13=>1.0,7=>1.0,9=>1.0,13=>1.0,15|29=>0.999|0.001,10=>1.0,9|19=>0.994|0.006,13=>1.0,18=>1.0,59=>1.0,26|27=>0.998|0.002,12=>1.0,63|64=>0.997|0.003,13|14|19|22|27=>0.675|0.036|0.285|0.002|0.001,66|67=>0.001|0.998,59=>1.0,63|64=>0.882|0.118,26|27=>0.003|0.997,33|34=>0.003|0.996,16=>1.0,17|67=>0.999|0.001,37|86|87=>0.001|0.001|0.997,32=>1.0,36=>1.0,22|82=>0.002|0.998,62=>1.0,14|34|84=>0.001|0.851|0.148,82=>1.0,32=>1.0,26|36=>0.997|0.002,86=>1.0,3|23|73=>0.001|0.998|0.001,16=>1.0,59|69=>0.997|0.003,27=>1.0,29=>1.0,22|32=>0.003|0.997,37=>1.0,82=>1.0
A_0101,A,77.98,2|6|7|15|16=>0.001|0.05|0.946|0.001|0.001,5|13|15|26=>0.001|0.995|0.001|0.001,7|9|13|16=>0.996|0.001|0.001|0.001,8|9|10=>0.002|0.996|0.002,5|13|25=>0.001|0.997|0.001,7|14|15|29=>0.001|0.001|0.995|0.002,9|10=>0.036|0.963,8|9|10|18|19=>0.001|0.925|0.001|0.066|0.007,12|13|26=>0.001|0.998|0.001,8|18|33=>0.001|0.997|0.001,19|56|59|89=>0.001|0.001|0.755|0.242,26|27|36=>0.985|0.002|0.011,12|13|62=>0.997|0.001|0.001,53|63|64=>0.003|0.993|0.004,12|13|14|19|22|63=>0.002|0.931|0.035|0.029|0.002|0.001,17|66|67=>0.001|0.002|0.997,19|57|59=>0.001|0.001|0.998,53|63|64=>0.001|0.836|0.163,26|27|87=>0.004|0.995|0.001,24|32|33|34=>0.001|0.001|0.003|0.995,12|16|56=>0.002|0.997|0.001,17|67=>0.998|0.001,37|86|87|89=>0.001|0.001|0.996|0.001,22|32=>0.001|0.998,36=>0.999,22|82|83=>0.003|0.995|0.001,12|62|63=>0.001|0.998|0.001,14|34|84=>0.001|0.795|0.204,32|82|86=>0.001|0.997|0.001,12|32|82=>0.001|0.998|0.001,16|26|36=>0.001|0.996|0.002,66|86=>0.001|0.999,3|22|23|73=>0.001|0.001|0.996|0.001,16|26=>0.999|0.001,59|69=>0.996|0.004,17|27=>0.001|0.999,19|29=>0.001|0.998,22|32=>0.004|0.995,17|37=>0.001|0.999,62|82|84=>0.001|0.998|0.001
A_0102,A,80.44,2|6|7|15|16=>0.004|0.206|0.785|0.004|0.002,5|7|12|13|15|26=>0.004|0.001|0.001|0.985|0.005|0.005,2|5|6|7|9|13|15|16=>0.001|0.001|0.002|0.988|0.003|0.002|0.001|0.003,8|9|10|19=>0.006|0.987|0.006|0.001,5|12|13|25=>0.002|0.001|0.993|0.004,7|14|15|16|28|29=>0.003|0.004|0.987|0.001|0.001|0.003,4|9|10|19=>0.001|0.148|0.85|0.001,8|9|10|18|19|32|33=>0.002|0.714|0.002|0.268|0.011|0.001|0.001,12|13|26=>0.004|0.994|0.003,8|9|18|33=>0.004|0.001|0.991|0.005,29|39|79|84|86|89=>0.001|0.004|0.001|0.003|0.004|0.986,22|23|26|27|29|36|86=>0.001|0.002|0.945|0.003|0.001|0.046|0.001,12|13|17|62=>0.989|0.004|0.003|0.004,53|63|64|66=>0.01|0.951|0.006|0.033,12|13|14|19|63=>0.005|0.938|0.028|0.025|0.003,17|62|64|66|67|69=>0.002|0.001|0.001|0.003|0.991|0.001,19|53|57|59=>0.003|0.002|0.002|0.992,53|54|63|64|66|67=>0.002|0.001|0.693|0.301|0.002|0.001,24|26|27|87=>0.003|0.006|0.988|0.003,24|32|33|34|39=>0.004|0.003|0.002|0.989|0.002,12|16|56=>0.006|0.991|0.002,14|17|19|57|67=>0.001|0.995|0.001|0.001|0.002,27|37|84|87|89=>0.001|0.002|0.002|0.993|0.001,22|32|36|64|92=>0.004|0.991|0.003|0.001|0.001,26|33|36|86=>0.002|0.002|0.995|0.001,22|82|83|92=>0.004|0.989|0.005|0.001,12|62|63=>0.002|0.995|0.002,34|37|84|87|94=>0.619|0.001|0.378|0.001|0.001,32|57|82|83|86=>0.004|0.001|0.991|0.001|0.003,12|32|33|34|36|37|82=>0.002|0.99|0.001|0.001|0.001|0.001|0.002,16|22|23|26|36|86=>0.003|0.001|0.001|0.991|0.002|0.002,26|66|82|86=>0.002|0.003|0.003|0.992,3|22|23|33|73|83=>0.001|0.003|0.993|0.001|0.001|0.001,12|16|26|66=>0.007|0.988|0.002|0.002,29|54|59|69=>0.003|0.003|0.988|0.006,17|24|27|87=>0.003|0.004|0.99|0.003,19|24|27|29|89=>0.003|0.001|0.001|0.993|0.002,22|26|32|36|62=>0.005|0.001|0.825|0.165|0.002,17|34|37|87=>0.004|0.003|0.99|0.003,22|62|82|84|86=>0.002|0.002|0.99|0.003|0.003
A_0103,A,89.09,3|6|7|12|13=>0.001|0.766|0.229|0.003|0.001,7|12|13=>0.001|0.001|0.998,6|7|13=>0.002|0.994|0.004,8|9|10|15=>0.007|0.982|0.006|0.005,5|7|11|12|13|15|16|25=>0.002|0.001|0.001|0.001|0.986|0.002|0.003|0.004,7|12|13|14|15|19|24|25|28|29=>0.001|0.001|0.003|0.001|0.289|0.001|0.003|0.695|0.002|0.004,8|9|10|15|16=>0.002|0.528|0.464|0.003|0.003,15|18|19|28|29=>0.001|0.29|0.004|0.697|0.006,7|12|13=>0.003|0.004|0.993,18=>0.999,39|59|84|86|89=>0.004|0.003|0.003|0.006|0.982,23|26|27|33|36|56|66|86=>0.003|0.824|0.004|0.001|0.165|0.001|0.001|0.001,12|13|17|22|62=>0.984|0.004|0.004|0.003|0.004,23|33|53|56|63|64|66|67=>0.002|0.009|0.025|0.001|0.818|0.004|0.14|0.001,13|14=>0.991|0.008,64|66|67=>0.002|0.002|0.996,59=>0.999,33|34|53|54|63|64|66|67=>0.001|0.002|0.001|0.003|0.206|0.783|0.001|0.003,24|26|27=>0.004|0.004|0.992,24|33|34|64=>0.004|0.001|0.988|0.007,12|16|17|19=>0.013|0.984|0.001|0.001,12|16|17=>0.001|0.001|0.997,82|86|87=>0.001|0.705|0.293,22|32|36|52|62|66=>0.001|0.292|0.001|0.003|0.7|0.003,26|36|37|66=>0.002|0.99|0.007|0.001,62|63|82|87|92=>0.011|0.009|0.973|0.003|0.004,62|67=>0.997|0.003,14|34|83|84|94=>0.002|0.002|0.007|0.988|0.001,32|52|56|57|82=>0.004|0.986|0.006|0.001|0.002,32|36|37=>0.996|0.002|0.002,22|26|27|36=>0.001|0.996|0.002|0.001,82|86|87|89=>0.004|0.983|0.002|0.011,23|29|33|53=>0.996|0.003|0.001|0.001,12|16=>0.024|0.976,29|54|59|69=>0.004|0.004|0.987|0.005,22|24|26|27|84=>0.001|0.006|0.003|0.985|0.005,23|24|29=>0.002|0.001|0.997,22|26|32|36|62|66=>0.001|0.004|0.249|0.742|0.001|0.003,17|34|36|37|87=>0.004|0.004|0.003|0.985|0.004,82|86=>0.996|0.004
A_0105,A,92.7,6=>1.0,13|25=>0.999|0.001,7|9|13|15=>0.993|0.003|0.003|0.001,7|9=>0.001|1.0,13=>1.0,25=>1.0,9|10|19=>0.688|0.288|0.024,14|28=>0.004|0.996,13=>1.0,18=>1.0,86|89=>0.003|0.996,23|26|27|33|36|86=>0.002|0.745|0.003|0.001|0.215|0.034,12|23=>0.999|0.001,28|33|53|63|66=>0.003|0.009|0.027|0.776|0.184,13=>1.0,67=>1.0,59=>1.0,63|64=>0.003|0.997,27|87=>0.987|0.013,32|34|64=>0.001|0.993|0.006,12|14|16|17|19|36|56=>0.01|0.002|0.852|0.002|0.13|0.002|0.001,17=>1.0,86=>1.0,62=>1.0,33|36|37=>0.002|0.992|0.006,62=>0.999,62=>1.0,14|54|64|83|84|87=>0.003|0.007|0.001|0.005|0.981|0.002,12|52|56=>0.004|0.99|0.006,32=>1.0,23|26=>0.001|0.999,86|89=>0.001|0.999,23=>1.0,12|16=>0.027|0.973,59=>1.0,24|27=>0.413|0.586,29=>1.0,32|36=>0.008|0.992,37=>1.0,82=>1.0
A_0107,A,92.7,6=>1.0,13|25=>0.999|0.001,7|9|13|15=>0.993|0.003|0.003|0.001,7|9=>0.001|1.0,13=>1.0,25=>1.0,9|10|19=>0.688|0.288|0.024,14|28=>0.004|0.996,13=>1.0,18=>1.0,86|89=>0.003|0.996,23|26|27|33|36|86=>0.002|0.745|0.003|0.001|0.215|0.034,12|23=>0.999|0.001,28|33|53|63|66=>0.003|0.009|0.027|0.776|0.184,13=>1.0,67=>1.0,59=>1.0,63|64=>0.003|0.997,27|87=>0.987|0.013,32|34|64=>0.001|0.993|0.006,12|14|16|17|19|36|56=>0.01|0.002|0.852|0.002|0.13|0.002|0.001,17=>1.0,86=>1.0,62=>1.0,33|36|37=>0.002|0.992|0.006,62=>0.999,62=>1.0,14|54|64|83|84|87=>0.003|0.007|0.001|0.005|0.981|0.002,12|52|56=>0.004|0.99|0.006,32=>1.0,23|26=>0.001|0.999,86|89=>0.001|0.999,23=>1.0,12|16=>0.027|0.973,59=>1.0,24|27=>0.413|0.586,29=>1.0,32|36=>0.008|0.992,37=>1.0,82=>1.0
A_0106,A,92.7,6=>1.0,13|25=>0.999|0.001,7|9|13|15=>0.993|0.003|0.003|0.001,7|9=>0.001|1.0,13=>1.0,25=>1.0,9|10|19=>0.688|0.288|0.024,14|28=>0.004|0.996,13=>1.0,18=>1.0,86|89=>0.003|0.996,23|26|27|33|36|86=>0.002|0.745|0.003|0.001|0.215|0.034,12|23=>0.999|0.001,28|33|53|63|66=>0.003|0.009|0.027|0.776|0.184,13=>1.0,67=>1.0,59=>1.0,63|64=>0.003|0.997,27|87=>0.987|0.013,32|34|64=>0.001|0.993|0.006,12|14|16|17|19|36|56=>0.01|0.002|0.852|0.002|0.13|0.002|0.001,17=>1.0,86=>1.0,62=>1.0,33|36|37=>0.002|0.992|0.006,62=>0.999,62=>1.0,14|54|64|83|84|87=>0.003|0.007|0.001|0.005|0.981|0.002,12|52|56=>0.004|0.99|0.006,32=>1.0,23|26=>0.001|0.999,86|89=>0.001|0.999,23=>1.0,12|16=>0.027|0.973,59=>1.0,24|27=>0.413|0.586,29=>1.0,32|36=>0.008|0.992,37=>1.0,82=>1.0
A_0104,A,95.23,6|7|8|12|15=>0.996|0.001|0.001|0.001|0.001,5|12|13|15|16|25|26=>0.001|0.001|0.677|0.318|0.001|0.001|0.001,5|6|7|9|13|15|16=>0.001|0.001|0.992|0.003|0.002|0.001|0.001,7|8|9|10|15=>0.001|0.002|0.994|0.002|0.001,13|15|16|25=>0.996|0.001|0.001|0.001,13|15|24|25|29=>0.001|0.001|0.001|0.996|0.001,8|9|10|15|18|19=>0.001|0.785|0.199|0.001|0.001|0.011,14|15|24|25|27|28|29=>0.002|0.001|0.316|0.003|0.003|0.674|0.001,7|12|13|15|26=>0.001|0.001|0.996|0.001|0.001,8|15|18|33=>0.001|0.002|0.995|0.001,39|59|89=>0.001|0.001|0.998,16|22|23|26|27|29|36|86=>0.001|0.001|0.002|0.83|0.002|0.001|0.146|0.018,12|13|22|23=>0.515|0.481|0.001|0.001,13|23|33|53|63=>0.001|0.167|0.321|0.172|0.338,12|13|19|23|63=>0.001|0.997|0.001|0.001|0.001,17|67|87=>0.001|0.997|0.001,19|53|57|59|89=>0.001|0.001|0.001|0.997|0.001,34|54|64=>0.001|0.001|0.998,17|27|67|77|87=>0.001|0.509|0.001|0.001|0.488,24|34|64=>0.001|0.995|0.004,12|14|16|17|19|36|56=>0.008|0.001|0.895|0.001|0.09|0.003|0.001,17|27|37=>0.997|0.001|0.001,56|66|83|86|87=>0.001|0.001|0.001|0.997|0.001,32|52|62|64|66=>0.001|0.001|0.995|0.001|0.001,16|26|33|36|37=>0.001|0.001|0.002|0.993|0.004,12|62|63|64|66|67|69|82=>0.001|0.992|0.001|0.001|0.001|0.001|0.001|0.001,12|62|63|67|82=>0.001|0.995|0.001|0.001|0.001,14|53|54|64|83|84|87=>0.002|0.001|0.322|0.001|0.002|0.669|0.001,12|52|54|56|82=>0.003|0.99|0.001|0.004|0.001,12|32|34|36|82=>0.001|0.996|0.001|0.001|0.001,16|23|26|86=>0.001|0.001|0.996|0.001,29|69|84|86|89=>0.001|0.001|0.001|0.002|0.996,22|23|29=>0.001|0.998|0.001,12|15|16|19=>0.336|0.001|0.66|0.001,54|56|59=>0.001|0.001|0.997,24|26|27|84=>0.694|0.001|0.303|0.001,19|24|29|89=>0.001|0.001|0.997|0.001,26|32|36|39|66=>0.001|0.007|0.99|0.001|0.001,34|36|37=>0.001|0.001|0.999,22|62|82|84|86=>0.001|0.001|0.996|0.001|0.001
A_0109,A,97.94,6|7|8=>0.997|0.001|0.001,12|13|15|16|18=>0.001|0.339|0.659|0.001|0.001,5|6|7|9=>0.001|0.001|0.997|0.002,8|9|10=>0.002|0.995|0.002,13|15|16=>0.997|0.001|0.001,24|25|29=>0.001|0.997|0.001,8|9|10=>0.002|0.896|0.102,24|25|27|28=>0.658|0.003|0.003|0.336,12|13|15=>0.001|0.997|0.001,15|18=>0.002|0.997,59|84|86|89=>0.001|0.001|0.001|0.997,16|22|26|29|36=>0.001|0.001|0.925|0.001|0.074,13|23=>0.998|0.002,13|21|23|33=>0.001|0.001|0.669|0.329,13|23=>0.999|0.001,67|87=>0.998|0.001,59|89=>0.999|0.001,54|64=>0.001|0.999,67|77|87=>0.001|0.001|0.997,24|32|34|39=>0.001|0.001|0.997|0.001,12|16|19|36=>0.005|0.947|0.046|0.002,17|27|37=>0.999|0.001|0.001,56|66|86=>0.001|0.001|0.999,52|62|64|66=>0.001|0.996|0.001|0.001,16|26|36=>0.001|0.001|0.999,62|64|66|69|82=>0.99|0.003|0.003|0.002|0.001,12|62|63|67|82=>0.001|0.995|0.001|0.001|0.001,54|84=>0.663|0.336,52|54|56|82=>0.995|0.001|0.003|0.001,12|32|34|36=>0.001|0.997|0.001|0.001,26=>0.999,84|86|89=>0.001|0.002|0.997,23=>1.0,12|14|16=>0.669|0.001|0.33,54|56|59=>0.001|0.001|0.997,17|24|26|87=>0.001|0.998|0.001|0.001,24|29=>0.001|0.999,32|36|39=>0.004|0.995|0.001,17|37|87=>0.001|0.999|0.001,82|84|86=>0.997|0.001|0.001
A_0110,A,100.64,6=>1.0,15=>1.0,7=>1.0,9=>1.0,13=>1.0,25=>1.0,9=>1.0,24=>1.0,13=>1.0,18=>1.0,89=>1.0,26=>1.0,13=>1.0,24=>1.0,13=>1.0,67=>1.0,59=>1.0,64=>1.0,87=>1.0,34=>1.0,16=>1.0,17=>1.0,86=>1.0,62=>1.0,36=>1.0,67=>1.0,62=>1.0,54=>1.0,52=>1.0,32=>1.0,26=>1.0,89=>1.0,23=>1.0,12=>1.0,59=>1.0,24|27=>0.999|0.001,29=>1.0,36=>1.0,37=>1.0,82=>1.0
A_0117,A,100.64,6=>1.0,15=>1.0,7=>1.0,9=>1.0,13=>1.0,25=>1.0,9=>1.0,24=>1.0,13=>1.0,18=>1.0,89=>1.0,26=>1.0,13=>1.0,24=>1.0,13=>1.0,67=>1.0,59=>1.0,64=>1.0,87=>1.0,34=>1.0,16=>1.0,17=>1.0,86=>1.0,62=>1.0,36=>1.0,67=>1.0,62=>1.0,54=>1.0,52=>1.0,32=>1.0,26=>1.0,89=>1.0,23=>1.0,12=>1.0,59=>1.0,24|27=>0.999|0.001,29=>1.0,36=>1.0,37=>1.0,82=>1.0
A_0113,A,100.64,6=>1.0,15=>1.0,7=>1.0,9=>1.0,13=>1.0,25=>1.0,9=>1.0,24=>1.0,13=>1.0,18=>1.0,89=>1.0,26=>1.0,13=>1.0,24=>1.0,13=>1.0,67=>1.0,59=>1.0,64=>1.0,87=>1.0,34=>1.0,16=>1.0,17=>1.0,86=>1.0,62=>1.0,36=>1.0,67=>1.0,62=>1.0,54=>1.0,52=>1.0,32=>1.0,26=>1.0,89=>1.0,23=>1.0,12=>1.0,59=>1.0,24|27=>0.999|0.001,29=>1.0,36=>1.0,37=>1.0,82=>1.0
A_0118,A,100.64,6=>1.0,15=>1.0,7=>1.0,9=>1.0,13=>1.0,25=>1.0,9=>1.0,24=>1.0,13=>1.0,18=>1.0,89=>1.0,26=>1.0,13=>1.0,24=>1.0,13=>1.0,67=>1.0,59=>1.0,64=>1.0,87=>1.0,34=>1.0,16=>1.0,17=>1.0,86=>1.0,62=>1.0,36=>1.0,67=>1.0,62=>1.0,54=>1.0,52=>1.0,32=>1.0,26=>1.0,89=>1.0,23=>1.0,12=>1.0,59=>1.0,24|27=>0.999|0.001,29=>1.0,36=>1.0,37=>1.0,82=>1.0
A_0115,A,100.64,6=>1.0,15=>1.0,7=>1.0,9=>1.0,13=>1.0,25=>1.0,9=>1.0,24=>1.0,13=>1.0,18=>1.0,89=>1.0,26=>1.0,13=>1.0,24=>1.0,13=>1.0,67=>1.0,59=>1.0,64=>1.0,87=>1.0,34=>1.0,16=>1.0,17=>1.0,86=>1.0,62=>1.0,36=>1.0,67=>1.0,62=>1.0,54=>1.0,52=>1.0,32=>1.0,26=>1.0,89=>1.0,23=>1.0,12=>1.0,59=>1.0,24|27=>0.999|0.001,29=>1.0,36=>1.0,37=>1.0,82=>1.0
A_0119,A,100.64,6=>1.0,15=>1.0,7=>1.0,9=>1.0,13=>1.0,25=>1.0,9=>1.0,24=>1.0,13=>1.0,18=>1.0,89=>1.0,26=>1.0,13=>1.0,24=>1.0,13=>1.0,67=>1.0,59=>1.0,64=>1.0,87=>1.0,34=>1.0,16=>1.0,17=>1.0,86=>1.0,62=>1.0,36=>1.0,67=>1.0,62=>1.0,54=>1.0,52=>1.0,32=>1.0,26=>1.0,89=>1.0,23=>1.0,12=>1.0,59=>1.0,24|27=>0.999|0.001,29=>1.0,36=>1.0,37=>1.0,82=>1.0
A_0111,A,100.64,6=>1.0,15=>1.0,7=>1.0,9=>1.0,13=>1.0,25=>1.0,9=>1.0,24=>1.0,13=>1.0,18=>1.0,89=>1.0,26=>1.0,13=>1.0,24=>1.0,13=>1.0,67=>1.0,59=>1.0,64=>1.0,87=>1.0,34=>1.0,16=>1.0,17=>1.0,86=>1.0,62=>1.0,36=>1.0,67=>1.0,62=>1.0,54=>1.0,52=>1.0,32=>1.0,26=>1.0,89=>1.0,23=>1.0,12=>1.0,59=>1.0,24|27=>0.999|0.001,29=>1.0,36=>1.0,37=>1.0,82=>1.0
A_0120,A,101.68,6=>1.0,15=>1.0,7=>1.0,9=>1.0,13=>1.0,25=>1.0,9=>1.0,24=>1.0,13=>1.0,18=>1.0,89=>1.0,26=>1.0,13=>1.0,24=>1.0,13=>1.0,67=>1.0,53|59|89=>0.009|0.981|0.01,64=>1.0,87=>1.0,34=>1.0,19=>1.0,17=>1.0,86=>1.0,62=>1.0,36=>1.0,67|69=>0.991|0.009,12|42|46|62|66|67=>0.015|0.001|0.001|0.011|0.007|0.965,54=>1.0,52=>1.0,32=>1.0,26=>1.0,89=>1.0,23=>1.0,12=>1.0,59=>1.0,24=>1.0,29=>1.0,36=>1.0,37=>1.0,82=>1.0
A_0108,A,101.68,6=>1.0,15=>1.0,7=>1.0,9=>1.0,13=>1.0,25=>1.0,9=>1.0,24=>1.0,13=>1.0,18=>1.0,89=>1.0,26=>1.0,13=>1.0,24=>1.0,13=>1.0,67=>1.0,53|59|89=>0.009|0.981|0.01,64=>1.0,87=>1.0,34=>1.0,19=>1.0,17=>1.0,86=>1.0,62=>1.0,36=>1.0,67|69=>0.991|0.009,12|42|46|62|66|67=>0.015|0.001|0.001|0.011|0.007|0.965,54=>1.0,52=>1.0,32=>1.0,26=>1.0,89=>1.0,23=>1.0,12=>1.0,59=>1.0,24=>1.0,29=>1.0,36=>1.0,37=>1.0,82=>1.0
A_0114,A,101.68,6=>1.0,15=>1.0,7=>1.0,9=>1.0,13=>1.0,25=>1.0,9=>1.0,24=>1.0,13=>1.0,18=>1.0,89=>1.0,26=>1.0,13=>1.0,24=>1.0,13=>1.0,67=>1.0,53|59|89=>0.009|0.981|0.01,64=>1.0,87=>1.0,34=>1.0,19=>1.0,17=>1.0,86=>1.0,62=>1.0,36=>1.0,67|69=>0.991|0.009,12|42|46|62|66|67=>0.015|0.001|0.001|0.011|0.007|0.965,54=>1.0,52=>1.0,32=>1.0,26=>1.0,89=>1.0,23=>1.0,12=>1.0,59=>1.0,24=>1.0,29=>1.0,36=>1.0,37=>1.0,82=>1.0
A_0112,A,101.68,6=>1.0,15=>1.0,7=>1.0,9=>1.0,13=>1.0,25=>1.0,9=>1.0,24=>1.0,13=>1.0,18=>1.0,89=>1.0,26=>1.0,13=>1.0,24=>1.0,13=>1.0,67=>1.0,53|59|89=>0.009|0.981|0.01,64=>1.0,87=>1.0,34=>1.0,19=>1.0,17=>1.0,86=>1.0,62=>1.0,36=>1.0,67|69=>0.991|0.009,12|42|46|62|66|67=>0.015|0.001|0.001|0.011|0.007|0.965,54=>1.0,52=>1.0,32=>1.0,26=>1.0,89=>1.0,23=>1.0,12=>1.0,59=>1.0,24=>1.0,29=>1.0,36=>1.0,37=>1.0,82=>1.0
A_0116,A,101.68,6=>1.0,15=>1.0,7=>1.0,9=>1.0,13=>1.0,25=>1.0,9=>1.0,24=>1.0,13=>1.0,18=>1.0,89=>1.0,26=>1.0,13=>1.0,24=>1.0,13=>1.0,67=>1.0,53|59|89=>0.009|0.981|0.01,64=>1.0,87=>1.0,34=>1.0,19=>1.0,17=>1.0,86=>1.0,62=>1.0,36=>1.0,67|69=>0.991|0.009,12|42|46|62|66|67=>0.015|0.001|0.001|0.011|0.007|0.965,54=>1.0,52=>1.0,32=>1.0,26=>1.0,89=>1.0,23=>1.0,12=>1.0,59=>1.0,24=>1.0,29=>1.0,36=>1.0,37=>1.0,82=>1.0
