marker,chromosome,position,A,B,C,AxA0001,AxA0002,AxA0003,AxA0004,AxA0005,AxA0006,AxA0007,AxA0008,AxA0009,AxA0010,AxB0001,AxB0002,AxB0003,AxB0004,AxB0005,AxB0006,AxB0007,AxB0008,AxB0009,AxB0010,AxC0001,AxC0002,AxC0003,AxC0004,AxC0005,AxC0006,AxC0007,AxC0008,AxC0009,AxC0010,BxC0001,BxC0002,BxC0003,BxC0004,BxC0005,BxC0006,BxC0007,BxC0008,BxC0009,BxC0010
A_0001,A,0.0,1|2|1|1,1|2|1|2,2|1|2|1,1,NA,0,1,1,2,2,0,0,1,2,1,NA,2,0,2,0,1,2,1,2,1,1,2,1,2,1,0,2,2,2,NA,2,3,3,3,2,1,3,3
A_0005,A,2.82,2|1|2|2,2|2|2|1,1|1|1|1,3,2,4,NA,3,2,2,4,4,3,3,NA,3,2,4,2,4,3,3,4,1,1,2,NA,2,1,2,2,1,1,1,2,2,1,1,1,2,2,1,1
A_0002,A,2.82,2|2|2|2,1|2|1|2,2|2|2|2,4,4,4,4,4,4,4,4,4,4,3,3,2,3,2,4,2,NA,3,3,4,4,4,4,4,4,4,NA,4,4,4,3,3,4,4,4,NA,2,3,4
A_0014,A,6.67,1|1|1|1,1|1|1|1,2|2|2|2,0,0,0,0,0,0,0,0,NA,0,0,0,0,0,0,NA,0,0,0,0,NA,2,2,2,2,2,2,2,2,2,2,2,2,2,2,2,2,2,2,2
A_0013,A,6.67,1|2|2|1,1|2|2|2,2|1|2|2,2,2,1,2,NA,3,2,1,2,2,3,3,2,3,2,0,1,3,3,2,4,2,2,3,NA,2,2,3,3,2,3,3,2,NA,4,4,3,2,4,4
A_0010,A,6.67,2|2|2|1,2|1|1|1,1|2|1|1,3,3,2,3,3,4,3,3,3,3,2,2,2,3,2,2,2,3,2,1,2,3,2,1,1,2,2,2,3,3,1,1,2,1,0,0,1,2,0,0
A_0011,A,6.67,1|2|1|1,1|1|2|1,1|2|1|1,1,NA,0,1,1,NA,1,0,0,1,2,1,2,1,1,1,1,2,2,1,NA,NA,NA,1,0,2,1,0,2,4,1,0,1,1,1,0,0,2,1,0
A_0012,A,6.67,1|2|1|1,1|1|2|1,2|1|2|2,1,2,0,1,1,2,1,0,0,NA,2,1,2,NA,1,1,1,2,2,1,3,2,1,NA,NA,2,1,2,2,2,1,2,1,1,3,2,NA,2,3,2
A_0009,A,6.67,2|1|2|2,1|2|2|1,2|2|2|2,3,NA,4,3,3,2,3,4,4,3,3,4,2,1,3,2,3,2,3,4,3,3,4,3,NA,3,4,4,3,3,3,NA,3,3,NA,3,3,3,3,3
A_0008,A,6.67,1|1|2|2,2|2|1|1,2|1|2|1,NA,NA,3,2,2,1,2,2,3,2,1,2,2,2,3,1,2,2,1,2,2,4,NA,2,3,2,3,2,2,NA,2,3,3,2,2,2,2,NA,2,2
A_0007,A,6.67,2|1|2|2,1|2|2|1,2|1|2|2,3,2,4,3,3,NA,3,4,4,NA,NA,4,2,1,3,2,3,2,3,NA,3,2,3,3,4,NA,3,3,2,2,2,3,NA,2,NA,3,3,NA,NA,NA
A_0015,A,6.67,1|2|1|2,1|1|1|2,1|2|1|2,2,3,3,1,2,2,3,1,1,2,1,0,NA,2,1,2,1,1,NA,1,NA,3,3,3,1,3,NA,2,2,2,2,1,1,2,NA,2,1,2,1,2
A_0006,A,6.67,1|2|1|1,1|2|1|2,1|1|1|2,1,2,0,1,1,2,2,0,0,1,2,1,NA,2,0,3,0,1,2,1,2,2,0,2,0,NA,0,1,4,1,2,2,1,NA,2,3,1,NA,1,3
A_0004,A,6.67,1|2|1|1,2|2|1|1,2|2|2|1,1,2,0,1,1,2,3,0,0,1,2,1,2,2,1,2,1,2,NA,1,2,2,2,2,2,3,NA,1,3,3,3,3,4,3,2,2,2,3,2,2
A_0019,A,10.85,1|2|2|1,1|1|1|2,1|2|2|2,2,2,1,3,2,3,1,1,2,2,1,1,1,NA,1,2,0,2,1,0,4,3,3,2,1,2,2,3,3,2,NA,2,2,3,NA,2,2,3,2,3
A_0016,A,10.85,1|2|2|2,1|1|2|1,2|1|2|2,3,3,3,3,3,3,3,NA,3,3,NA,NA,2,2,NA,1,2,NA,2,2,4,2,3,4,3,3,3,3,3,2,1,2,1,1,3,2,3,1,3,2
A_0003,A,10.85,1|2|2|2,2|2|1|1,2|2|1|2,3,3,3,3,3,3,4,2,3,3,2,2,3,3,3,2,2,3,2,2,3,3,3,4,2,4,4,4,4,3,NA,3,4,2,2,3,2,2,1,2
A_0018,A,10.85,2|1|2|1,1|1|2|1,1|1|2|2,2,1,1,3,2,2,1,3,3,2,2,3,0,1,1,1,2,NA,2,2,3,NA,2,1,2,0,0,2,1,1,1,2,1,1,3,1,3,1,NA,2
A_0021,A,10.85,2|2|1|1,1|1|2|1,2|2|2|1,2,3,2,NA,2,3,2,2,1,2,3,2,1,1,2,2,2,2,2,2,2,3,1,2,3,3,3,1,3,4,2,1,1,2,2,1,2,NA,3,NA
A_0020,A,10.85,1|2|2|2,2|2|1|2,2|1|1|1,3,3,3,3,3,3,3,NA,3,NA,2,2,4,4,3,3,4,3,3,3,2,1,2,3,2,NA,3,2,3,2,2,2,2,2,1,3,1,2,2,NA
A_0017,A,10.85,2|2|2|1,2|2|1|1,2|1|1|1,NA,3,2,4,3,4,2,3,3,NA,3,3,3,3,2,3,2,3,3,2,2,2,1,2,2,2,2,1,3,3,1,NA,2,NA,1,NA,1,1,1,1
A_0024,A,15.1,2|2|2|2,1|1|2|2,1|2|2|2,4,4,4,NA,4,4,4,4,4,4,3,NA,2,3,3,3,3,3,3,3,4,4,NA,3,3,3,3,4,3,3,3,2,1,3,3,2,3,3,2,3
A_0025,A,15.1,1|2|2|2,2|1|1|2,2|1|1|2,3,3,3,3,3,3,3,2,3,3,1,1,NA,4,3,2,2,3,2,2,3,2,3,4,2,NA,3,3,3,2,1,2,2,1,NA,3,2,2,3,2
A_0027,A,17.27,2|1|2|2,2|1|2|2,2|1|1|2,3,2,3,3,3,2,NA,4,4,3,2,NA,2,3,3,2,4,3,2,2,2,2,NA,3,3,2,2,3,2,NA,1,2,2,1,2,3,3,3,3,2
A_0029,A,17.27,2|2|1|2,2|1|2|1,1|1|1|1,3,4,4,2,3,3,NA,NA,2,3,3,2,3,2,4,2,NA,3,2,3,1,2,NA,2,0,2,2,1,1,2,0,1,1,NA,1,0,NA,1,1,0
A_0023,A,17.27,1|2|1|1,2|1|1|2,1|1|2|2,1,2,1,1,NA,2,1,0,0,1,1,0,NA,3,2,2,1,2,2,1,3,2,1,2,1,1,1,1,1,1,2,NA,1,NA,2,2,3,NA,3,3
A_0028,A,17.27,2|2|2|1,1|1|2|1,1|1|2|1,3,3,2,4,NA,NA,2,3,3,3,3,3,1,2,2,2,2,3,NA,2,3,2,1,1,2,1,1,1,2,NA,1,1,0,NA,2,0,2,0,1,NA
A_0022,A,17.93,2|2|2|2,1|2|2|2,1|2|1|2,4,4,4,4,4,4,4,4,4,4,4,0,3,NA,3,4,NA,3,4,4,3,4,4,3,2,3,3,4,3,3,3,2,2,3,3,NA,2,2,1,3
A_0030,A,19.71,1|2|2|2,1|2|1|1,2|1|1|2,3,3,3,3,3,3,3,2,3,3,2,2,3,1,4,2,1,2,2,3,NA,2,3,4,2,3,NA,3,3,2,1,2,2,1,2,3,1,2,1,1
A_0034,A,19.71,2|1|1|1,2|1|2|1,2|1|2|2,1,1,1,NA,1,1,1,NA,1,1,2,2,1,2,2,1,3,2,1,1,NA,2,1,2,3,1,1,1,1,2,1,NA,2,1,3,NA,4,2,3,1
A_0026,A,19.71,2|2|1|1,1|1|2|1,1|1|1|1,2,3,2,2,2,3,NA,2,1,2,3,2,1,1,2,2,2,2,2,2,1,2,NA,1,1,NA,1,1,1,2,0,NA,0,0,NA,0,1,0,0,0
A_0032,A,19.71,2|2|2|2,1|1|1|2,2|1|1|2,4,4,4,4,4,4,4,4,4,4,2,2,2,3,2,3,2,NA,3,2,3,3,3,4,3,3,3,3,3,3,1,1,1,1,NA,3,1,2,2,1
A_0031,A,19.71,2|1|2|2,1|2|2|1,1|2|1|1,3,2,3,3,3,NA,3,4,4,3,3,4,2,2,2,2,3,2,2,3,1,2,3,1,2,NA,2,NA,2,NA,2,1,2,2,2,1,1,1,0,2
A_0035,A,19.71,2|1|1|2,2|1|2|2,2|1|2|1,2,2,3,1,3,0,3,3,2,2,NA,2,2,3,3,2,4,2,2,2,1,1,1,2,0,2,2,1,2,NA,2,2,1,2,2,2,3,3,4,2
A_0033,A,19.71,1|1|1|2,1|1|1|1,1|1|1|2,NA,1,2,0,NA,0,2,1,1,1,0,0,NA,0,1,0,1,0,0,1,1,NA,2,2,1,1,1,NA,0,0,0,1,1,0,1,1,1,0,0,0
A_0036,A,19.71,1|2|1|2,1|1|2|2,1|2|2|2,2,3,4,1,3,2,3,1,1,NA,2,1,2,1,2,NA,2,2,2,3,3,3,NA,3,2,3,3,3,2,NA,3,3,2,3,3,2,3,2,2,3
A_0037,A,19.71,1|1|2|2,1|2|1|2,2|2|1|2,2,1,2,2,2,2,2,2,3,2,1,2,2,2,2,2,1,1,2,2,2,2,4,3,2,3,3,4,2,2,3,1,3,3,NA,4,1,3,NA,3
A_0038,A,27.46,2|2|2|2,1|2|2|2,2|1|1|1,4,4,4,4,4,NA,4,4,4,4,4,4,3,3,3,4,4,3,4,4,2,2,2,3,3,3,NA,2,3,3,2,1,1,2,2,NA,1,3,2,2
A_0039,A,27.46,2|2|2|1,2|2|2|1,1|1|1|1,3,3,NA,4,NA,4,2,3,3,3,3,4,3,4,3,3,2,4,3,3,2,2,NA,1,1,NA,NA,1,2,NA,1,2,2,1,2,1,2,1,NA,1
A_0055,A,27.46,1|1|1|1,1|2|2|1,1|2|1|2,0,0,0,0,0,NA,0,0,0,0,1,2,1,1,1,1,1,1,1,2,1,2,2,1,0,1,NA,2,1,1,2,2,3,2,3,2,2,2,NA,2
A_0042,A,27.46,2|1|1|1,1|1|1|1,1|1|1|2,1,1,2,1,1,0,1,2,1,NA,1,1,0,1,0,1,1,0,1,0,1,2,1,0,1,0,0,1,1,1,0,1,1,0,0,1,1,NA,0,0
A_0046,A,27.92,1|1|2|1,2|2|1|1,2|2|2|2,NA,0,0,1,1,2,0,1,2,1,0,NA,3,2,1,1,0,2,1,1,3,2,3,2,2,2,2,3,2,2,3,3,4,3,3,2,2,3,NA,3
A_0061,A,27.92,1|2|1|2,1|2|1|2,1|2|1|2,2,3,2,2,2,2,3,1,2,2,NA,1,1,0,3,3,2,1,3,3,2,3,3,3,1,3,3,3,2,2,NA,1,3,3,2,2,2,NA,1,2
A_0044,A,27.92,1|2|2|1,1|1|1|2,2|2|1|2,2,2,1,2,1,4,1,2,3,2,2,1,1,1,1,2,1,2,2,1,3,3,3,3,1,3,3,3,3,3,2,1,2,2,1,3,2,3,2,2
A_0043,A,28.19,2|2|1|1,1|1|1|1,1|1|2|1,3,3,3,2,2,2,2,2,1,2,2,1,0,NA,1,2,1,1,2,1,NA,2,0,1,2,1,1,0,2,2,1,1,0,NA,NA,0,1,0,1,1
A_0045,A,28.19,1|2|2|1,2|2|1|2,2|1|2|2,2,2,1,2,2,NA,1,1,3,2,2,NA,3,2,3,3,1,NA,3,2,4,2,2,2,2,2,2,2,2,NA,3,3,3,3,2,NA,3,3,4,3
A_0041,A,28.19,1|2|1|2,2|2|2|1,1|2|2|1,3,3,2,2,3,2,NA,1,NA,2,NA,2,3,2,4,2,2,3,2,4,2,2,2,3,2,3,3,2,2,NA,NA,3,3,3,4,1,2,2,NA,3
A_0048,A,28.19,1|1|2|1,1|2|1|2,2|1|1|2,0,0,0,1,1,2,0,1,2,1,NA,2,2,1,1,2,1,NA,2,1,2,1,2,1,1,1,1,2,1,1,NA,1,2,NA,1,3,2,3,2,2
A_0051,A,28.19,1|2|2|2,1|1|2|2,2|2|2|2,3,3,2,3,3,4,3,2,4,4,3,2,2,2,2,2,3,3,2,NA,4,3,4,2,3,4,4,3,3,3,3,3,2,3,3,4,4,3,3,3
A_0049,A,28.19,1|1|1|1,1|2|1|1,2|2|2|2,0,0,0,0,0,0,0,0,0,0,0,1,1,0,1,NA,0,1,1,1,NA,2,2,2,2,2,2,2,1,2,3,2,3,3,3,2,2,3,2,3
A_0050,A,28.19,2|2|2|2,2|2|1|1,1|1|2|1,4,4,4,4,4,4,4,4,4,4,2,3,4,3,4,3,2,3,3,3,3,2,2,NA,3,2,2,2,2,2,2,2,2,2,NA,0,1,1,NA,2
A_0047,A,28.19,1|1|2|2,2|1|2|2,2|1|1|2,1,1,1,NA,2,2,2,2,3,3,2,2,3,3,2,1,3,2,NA,2,2,1,3,2,2,2,2,3,1,1,1,3,2,1,1,NA,3,2,3,NA
A_0056,A,28.19,2|2|2|2,2|2|2|2,1|2|1|1,4,4,4,4,4,NA,4,4,NA,4,NA,4,4,4,4,4,4,4,4,4,2,3,3,3,2,3,3,3,3,3,3,2,3,3,3,2,2,3,2,3
A_0052,A,32.62,2|2|1|1,1|1|2|2,1|2|2|1,3,3,NA,2,2,2,2,2,2,1,NA,2,0,2,1,3,3,2,3,2,2,3,1,2,2,2,2,2,2,3,3,2,NA,3,NA,2,3,2,2,3
A_0053,A,34.05,2|2|1|1,1|1|1|2,2|1|1|1,3,3,3,2,2,NA,2,2,2,1,NA,1,1,1,1,3,2,1,3,1,1,2,0,2,NA,2,2,1,2,NA,NA,0,0,1,0,NA,1,2,2,1
A_0059,A,34.05,2|2|2|1,2|1|1|1,1|2|2|2,3,3,3,3,3,4,2,3,3,2,0,2,3,3,NA,2,1,3,2,0,4,4,3,NA,2,NA,2,3,2,3,2,3,NA,2,2,1,2,1,NA,2
A_0054,A,34.05,1|2|1|2,2|2|1|1,2|1|1|1,2,3,2,NA,2,2,3,1,3,3,1,1,2,NA,4,NA,1,NA,2,3,1,1,1,3,2,3,3,1,2,2,1,1,2,1,1,NA,0,2,2,NA
A_0040,A,34.05,1|1|1|1,2|1|1|2,2|1|2|2,0,0,0,0,0,0,0,0,NA,0,NA,0,1,1,1,1,NA,1,1,0,2,1,1,1,2,1,1,1,1,1,2,3,2,2,1,3,3,2,4,2
A_0057,A,34.05,1|1|2|2,1|2|1|2,1|2|2|2,1,1,1,2,NA,2,2,2,2,3,2,2,2,1,2,2,3,1,2,2,4,2,NA,2,2,2,2,3,2,NA,4,2,3,4,NA,2,3,3,2,4
A_0058,A,36.76,1|1|1|1,2|1|1|1,1|2|1|1,0,0,0,0,NA,0,0,0,0,0,0,0,1,1,1,0,NA,1,NA,0,0,1,1,1,0,1,1,1,1,1,NA,1,2,1,1,0,0,1,0,NA
A_0060,A,36.84,1|1|1|1,1|1|1|2,2|2|1|2,0,0,NA,0,0,0,0,NA,0,0,1,0,0,0,0,1,1,NA,1,0,1,2,2,1,1,2,2,2,2,2,2,1,2,2,1,3,2,3,2,2
A_0062,A,39.82,1|2|1|1,1|2|1|1,2|1|2|1,1,NA,1,1,1,2,1,0,1,0,0,NA,1,0,2,2,2,1,2,2,2,1,0,2,2,2,2,0,NA,2,2,1,1,2,NA,1,1,NA,2,1
A_0063,A,39.82,1|1|1|1,1|1|1|2,2|1|1|1,0,0,0,0,0,2,0,0,0,0,1,0,0,0,0,1,1,0,1,0,0,0,NA,0,1,1,1,1,NA,1,1,0,0,1,0,1,1,2,NA,1
A_0065,A,39.82,2|1|2|1,1|2|2|1,1|1|2|2,NA,NA,2,2,2,2,1,3,2,2,2,4,3,3,2,2,2,2,2,NA,2,2,2,1,2,NA,0,2,1,1,2,3,2,2,3,2,3,1,2,NA
A_0064,A,39.82,1|2|1|2,1|2|1|1,2|1|2|1,2,3,2,2,NA,2,3,1,2,2,1,NA,1,0,2,2,1,1,2,3,2,NA,1,3,3,3,3,2,2,2,NA,1,1,2,2,1,1,2,2,1
A_0067,A,42.91,1|2|1|1,1|1|2|1,2|2|2|1,NA,2,1,1,1,2,1,0,1,0,1,1,0,1,1,1,1,2,1,2,3,2,1,3,2,3,NA,1,2,3,2,2,1,2,2,2,2,2,2,3
A_0066,A,42.91,2|1|2|1,1|2|2|1,1|1|2|1,NA,1,2,2,2,2,1,3,2,2,2,4,3,3,2,2,2,2,2,2,2,1,1,1,2,0,0,1,1,1,2,2,2,NA,2,1,2,1,1,2
A_0068,A,42.91,1|1|2|2,2|2|1|1,2|2|1|2,1,1,NA,2,3,2,2,2,2,4,1,2,3,2,1,1,2,2,1,2,1,2,4,2,2,3,3,3,4,NA,2,NA,4,2,2,3,1,3,2,1
A_0069,A,42.99,2|1|1|2,1|1|1|2,1|1|1|2,3,NA,3,2,1,0,3,3,2,2,3,1,1,1,2,2,2,1,2,1,1,2,2,1,NA,1,1,3,1,1,1,1,1,1,1,1,2,1,NA,1
A_0072,A,49.61,1|1|2|2,1|2|2|2,1|1|2|1,1,2,NA,2,2,2,2,2,2,4,3,3,3,2,2,2,4,2,2,3,1,0,NA,NA,2,1,1,1,2,0,3,2,1,3,3,1,3,2,1,3
A_0071,A,49.61,1|2|2|1,2|2|1|1,2|2|1|2,1,2,1,2,NA,3,1,1,NA,2,0,2,NA,2,2,2,1,3,2,2,2,3,3,3,1,3,3,2,3,3,2,NA,NA,2,2,3,1,3,3,1
A_0070,A,49.61,2|2|2|2,2|2|1|2,2|2|1|1,4,4,4,4,4,4,4,4,4,4,3,3,4,3,NA,4,3,4,4,3,3,3,3,4,3,4,4,3,4,4,NA,1,3,3,3,2,1,4,3,2
A_0074,A,49.61,2|1|2|2,1|1|1|2,1|1|2|2,3,2,3,3,2,3,3,NA,3,4,1,2,NA,1,2,NA,3,NA,2,1,2,NA,3,1,3,1,1,3,2,NA,2,1,2,2,3,1,3,1,2,2
A_0073,A,49.61,2|1|1|1,2|2|1|1,2|2|1|2,2,0,2,1,0,1,NA,2,1,0,1,2,2,2,2,2,NA,1,2,1,2,3,2,2,NA,2,2,3,2,3,2,2,3,2,NA,3,1,3,3,1
A_0078,A,50.9,2|1|1|2,1|1|1|1,2|2|1|2,NA,2,3,2,1,1,3,3,1,2,NA,1,1,1,1,1,0,0,1,1,2,3,3,3,3,3,3,4,4,3,1,1,2,1,1,NA,1,2,2,1
A_0077,A,53.17,1|2|2|1,1|1|2|1,1|2|2|2,1,2,1,NA,3,3,1,1,NA,2,1,2,1,3,1,1,3,2,1,2,3,3,3,2,1,2,2,1,2,NA,2,3,1,2,2,3,3,1,NA,NA
A_0076,A,53.17,1|2|1|1,1|1|2|2,1|1|1|2,1,2,1,1,2,1,NA,0,1,0,2,1,1,2,2,2,3,2,2,2,1,2,1,1,0,1,1,1,0,1,1,1,1,1,2,2,3,1,2,NA
A_0079,A,60.85,2|2|1|2,2|1|1|1,2|2|1|1,4,4,4,3,3,2,NA,3,3,2,1,1,2,3,2,2,1,2,2,2,3,NA,2,4,3,4,4,3,4,4,2,2,3,2,0,2,0,2,2,1
A_0082,A,62.36,2|2|1|2,1|2|2|2,2|2|2|1,4,4,3,3,3,3,4,1,3,2,3,3,NA,3,4,4,3,3,4,4,4,3,2,4,4,NA,4,3,4,4,3,NA,3,3,3,2,NA,NA,2,4
A_0080,A,62.44,1|1|1|1,2|1|2|1,2|2|2|2,0,0,0,0,0,0,0,0,NA,0,1,1,0,NA,0,0,1,NA,0,1,2,2,2,2,2,2,2,2,2,2,NA,4,4,3,NA,4,3,2,3,3
A_0081,A,62.44,1|1|2|2,2|1|2|2,1|2|1|2,1,1,2,2,2,2,2,2,2,3,3,2,1,3,1,1,3,3,1,2,1,2,4,2,1,2,2,2,2,1,2,3,3,NA,2,4,3,2,3,3
A_0083,A,62.44,2|1|2|2,2|2|1|1,2|1|1|1,3,2,4,3,2,3,4,4,2,4,NA,3,2,2,2,2,1,2,2,3,1,1,2,2,3,2,2,3,3,2,2,1,2,2,1,1,0,2,2,0
A_0085,A,68.39,2|1|1|1,1|1|1|2,2|1|2|2,2,1,2,2,NA,1,2,2,0,1,1,1,2,0,2,2,1,0,2,0,2,2,1,1,3,1,1,NA,1,2,1,2,1,1,3,1,3,2,3,2
A_0086,A,70.69,2|2|1|1,1|2|2|2,2|1|1|1,3,3,3,2,2,2,2,2,2,NA,3,3,3,2,4,NA,NA,2,4,2,2,2,0,NA,NA,1,NA,2,1,2,1,2,2,1,2,1,2,2,2,2
A_0084,A,71.33,2|2|1|2,2|1|2|1,2|1|1|2,4,4,3,3,3,3,4,3,3,2,2,NA,NA,4,NA,2,2,4,2,3,2,3,2,3,3,NA,3,4,2,3,1,3,NA,1,1,3,2,2,NA,3
A_0075,A,71.42,2|2|2|2,1|1|1|1,2|1|1|2,4,4,4,4,4,4,4,4,4,NA,2,2,2,2,2,2,2,2,2,2,2,3,3,3,3,3,3,4,3,3,NA,0,1,0,1,2,1,1,1,NA
A_0087,A,71.42,1|1|2|1,2|2|2|1,2|2|1|2,0,0,0,1,1,1,0,1,1,2,2,3,2,2,NA,1,2,2,NA,2,1,2,NA,2,1,3,2,NA,3,2,3,NA,4,3,2,4,2,3,3,3
A_0088,A,71.42,2|2|2|1,1|1|1|2,1|1|2|1,3,3,3,3,3,3,2,3,3,3,3,2,2,1,3,3,3,1,3,1,3,2,1,1,2,1,1,1,1,1,1,2,0,1,2,0,2,1,1,1
A_0091,A,72.87,1|1|2|1,1|1|1|1,2|2|1|1,0,0,0,1,1,1,0,1,1,2,1,1,0,0,0,0,1,0,0,0,1,1,2,2,NA,3,2,1,3,2,1,1,1,NA,0,1,0,2,1,2
A_0089,A,72.87,2|2|2|2,2|2|2|1,1|2|1|1,4,4,4,4,4,4,4,4,4,4,3,4,4,4,3,3,3,4,3,4,3,NA,3,3,2,3,3,2,3,3,3,1,2,3,1,3,1,2,2,2
A_0090,A,72.87,1|1|1|1,2|2|2|2,2|1|2|1,NA,0,0,0,0,0,0,0,0,0,2,2,2,2,2,2,2,2,2,2,1,0,0,1,2,NA,1,1,1,1,3,NA,4,3,3,2,3,3,NA,3
A_0097,A,75.12,2|2|2|2,2|1|1|2,2|2|2|2,4,4,4,4,4,4,4,4,4,4,3,2,3,3,3,3,3,3,3,3,4,NA,4,4,4,4,4,4,4,4,3,3,3,3,2,3,3,4,4,NA
A_0096,A,75.12,1|2|1|2,2|2|2|2,1|2|1|1,2,3,2,1,NA,2,2,1,3,1,3,2,3,4,3,3,3,4,3,NA,2,1,2,2,NA,2,3,1,2,2,3,3,2,3,2,3,2,3,3,3
A_0092,A,75.12,2|1|1|2,1|1|2|1,2|2|2|2,3,2,3,3,1,2,4,3,1,2,1,2,1,2,1,1,1,2,NA,1,3,NA,3,4,4,3,3,4,NA,NA,2,3,3,2,3,3,3,2,2,3
A_0093,A,75.12,1|1|2|1,2|1|2|2,2|1|2|1,0,0,0,1,1,1,0,1,1,2,3,2,1,2,NA,1,3,2,1,1,1,NA,1,1,2,2,1,1,2,1,2,NA,4,2,NA,2,3,3,2,3
A_0094,A,75.12,2|2|1|1,2|2|1|1,1|2|2|1,3,NA,3,2,2,2,2,2,3,1,1,2,4,2,3,0,1,2,3,3,4,3,1,2,2,NA,NA,1,1,2,4,2,2,4,2,2,2,2,2,1
A_0095,A,75.12,2|1|1|1,2|1|1|1,1|1|1|1,2,1,2,2,0,1,2,2,1,NA,NA,1,2,1,1,1,0,1,NA,2,1,1,0,1,1,NA,0,NA,0,1,1,0,1,1,0,1,1,1,1,0
A_0100,A,77.19,1|2|1|1,1|2|1|1,1|2|2|1,1,2,1,0,2,1,0,0,NA,0,1,1,2,1,1,2,1,1,1,0,3,2,NA,1,2,1,2,NA,1,1,2,2,1,3,2,1,1,NA,1,1
A_0099,A,77.19,1|2|1|2,1|2|1|1,2|1|1|1,2,3,2,1,3,NA,2,NA,3,1,1,1,2,NA,1,3,NA,2,1,1,1,NA,1,2,1,NA,3,2,2,2,0,0,1,1,1,0,0,1,NA,1
A_0098,A,77.19,2|1|1|2,2|2|2|2,2|2|1|1,3,NA,3,3,2,2,4,3,2,2,2,3,NA,3,3,NA,2,3,3,4,2,2,NA,4,3,3,3,NA,3,4,3,NA,3,3,2,3,2,4,3,4
A_0101,A,77.98,2|2|2|2,1|2|2|2,1|2|2|2,NA,4,4,NA,4,NA,4,4,4,NA,4,4,3,3,3,4,4,3,4,3,2,4,4,3,4,3,3,3,NA,3,3,4,NA,3,4,3,3,2,3,3
A_0102,A,80.44,2|1|2|2,1|1|1|1,1|1|1|2,3,NA,NA,4,2,3,4,4,2,4,2,2,1,1,1,1,1,1,2,2,1,2,3,2,2,2,1,3,2,NA,0,0,0,0,1,1,1,0,1,NA
A_0103,A,89.09,1|1|2|2,2|2|1|1,2|1|2|2,1,1,1,2,NA,NA,2,3,1,3,NA,2,NA,2,1,2,1,2,2,2,1,1,3,2,2,3,2,4,2,2,2,1,3,3,3,2,3,2,NA,1
A_0105,A,92.7,1|1|1|2,1|1|2|1,2|2|2|1,0,1,1,1,1,1,2,1,1,1,2,2,0,2,1,1,1,1,0,1,1,1,3,3,NA,3,3,NA,2,3,3,2,3,2,2,2,2,2,1,3
A_0107,A,92.7,2|1|1|2,1|2|2|2,2|2|1|1,2,NA,0,3,2,1,3,1,2,2,3,NA,2,3,2,3,2,2,3,NA,NA,2,2,3,3,3,3,2,NA,4,2,2,2,2,2,2,1,2,2,4
A_0106,A,92.7,1|2|1|1,1|1|2|2,2|1|2|1,1,2,NA,NA,2,2,0,1,2,0,NA,1,1,2,2,2,3,2,1,NA,NA,1,1,2,NA,2,2,NA,2,1,NA,3,3,1,2,NA,2,2,1,3
A_0104,A,95.23,1|1|1|1,1|2|2|1,1|1|1|1,NA,0,0,0,0,0,0,0,NA,0,1,NA,1,1,1,1,1,0,1,0,0,0,0,0,0,NA,0,0,0,0,1,1,1,1,2,1,1,NA,0,1
A_0109,A,97.94,2|1|1|1,2|1|2|1,1|2|1|2,2,1,2,2,1,0,2,0,1,1,1,2,3,3,3,0,1,1,0,2,2,3,1,1,2,1,NA,1,1,2,3,2,2,2,2,3,3,2,3,2
A_0110,A,100.64,1|1|2|1,2|2|2|1,2|2|2|2,1,1,0,1,0,1,1,2,0,2,2,3,2,2,2,NA,2,2,2,1,2,2,3,2,2,2,NA,3,NA,NA,4,3,4,4,4,4,4,3,NA,3
A_0117,A,100.64,1|2|1|2,2|2|1|1,2|2|1|2,1,2,2,NA,3,3,1,2,3,1,1,1,2,NA,2,3,NA,2,2,2,2,3,2,4,2,4,4,3,3,NA,2,1,2,4,2,3,2,2,3,2
A_0113,A,100.64,1|2|1|1,2|2|2|2,2|2|1|2,NA,1,1,0,2,2,0,2,2,0,2,2,3,2,3,3,3,3,2,2,2,3,1,3,1,3,3,3,3,2,3,3,NA,4,3,4,3,3,4,4
A_0118,A,100.64,1|1|2|2,2|1|1|2,2|2|2|1,1,NA,1,2,1,2,2,NA,1,NA,NA,1,1,3,1,2,2,3,3,3,2,1,4,3,3,2,3,2,3,3,3,2,NA,3,1,2,2,4,3,3
A_0115,A,100.64,2|2|1|2,1|1|2|2,2|1|1|2,3,3,NA,3,4,3,3,2,4,2,3,NA,3,2,3,3,3,3,2,NA,2,3,1,3,2,3,3,NA,2,3,1,3,NA,1,2,NA,2,1,2,3
A_0119,A,100.64,1|2|2|2,1|1|1|1,1|1|1|1,2,3,2,2,3,4,2,4,3,NA,2,1,1,1,1,2,2,2,2,1,1,1,2,2,1,2,2,2,2,1,0,0,0,0,0,0,0,0,0,0
A_0111,A,100.64,2|1|2|2,1|1|1|2,2|2|2|2,3,3,3,4,2,2,4,2,2,NA,3,2,1,NA,1,2,2,2,3,3,3,NA,4,3,NA,3,3,3,3,4,NA,3,2,2,2,NA,2,3,3,3
A_0120,A,101.68,2|1|2|1,1|1|1|2,2|1|1|1,3,2,2,3,1,NA,3,2,1,3,2,2,1,3,1,1,NA,1,2,2,1,1,1,NA,1,0,0,2,2,2,0,NA,1,1,0,1,NA,1,NA,2
A_0108,A,101.68,2|2|2|2,2|2|1|2,1|2|1|1,4,4,4,4,4,4,4,4,4,4,3,3,3,NA,3,4,3,4,4,4,2,3,3,3,3,NA,3,2,3,3,2,1,1,3,1,1,1,3,3,2
A_0114,A,101.68,2|2|1|1,2|1|2|1,1|1|1|2,3,2,3,2,3,2,2,2,3,1,1,2,4,2,4,1,4,2,0,NA,3,3,0,1,1,2,2,2,1,1,2,2,2,NA,2,3,3,1,2,1
A_0112,A,101.68,1|2|1|2,1|2|2|1,2|1|1|1,1,NA,2,1,3,3,1,2,3,1,NA,2,2,0,2,NA,NA,2,2,1,1,1,1,3,1,2,NA,2,2,2,NA,NA,2,NA,2,2,1,0,NA,2
A_0116,A,101.68,1|1|2|1,2|1|1|2,1|2|2|2,1,1,NA,1,0,1,1,2,0,2,2,NA,1,3,1,1,2,2,2,2,2,2,3,1,2,2,NA,NA,2,1,3,3,2,2,2,2,3,4,4,2
